카테고리목록,언급횟수
모니터/프린터>잉크/토너,29484
주방용품>주방잡화,10814
가전/디지털>컴퓨터/게임/SW,10115
가전·컴퓨터>프린터·복합기·잉크,9942
디지털/가전>주변기기,9843
모니터/프린터/잉크>잉크/토너,9828
모니터/프린터/잉크>정품토너,9827
모니터/프린터>정품토너,9827
프린터/복합기>토너,9827
모바일/태블릿>휴대폰일반용품,5548
조명/인테리어>인테리어소품,5300
생활·주방>생활잡화·공구,4439
생활/건강>공구,4418
문구/사무용품>팬시용품,4398
생활/건강>주방용품,4360
자동차용품>익스테리어용품,3937
도서·교육·취미>문구·사무용품,3863
자동차용품>카익스테리어용품,3838
장난감/완구>미술/공작놀이,3728
브랜드 남성의류>티셔츠,3708
남성의류>티셔츠,3708
가구/홈데코>인테리어용품,3096
공구/안전/산업용품>수공구,3082
가구/인테리어>인테리어소품,3064
가방/잡화>양말/스타킹,3036
문구/사무용품>문구용품,3017
가전/디지털>휴대폰/태블릿PC/액세서리,3013
디지털>휴대폰액세서리,3007
디지털/가전>휴대폰액세서리,3006
가구·홈·데코>인테리어소품,2993
디지털/휴대폰/카메라>휴대폰 액세서리,2985
패션잡화>양말,2978
공구/설비자재>공구,2814
문구/오피스>사무용품,2768
침구/커튼/장식소품>인테리어소품,2719
휴대폰>휴대폰케이스,2714
조명/인테리어>인테리어 소품,2713
스마트폰/액세서리/웨어러블>스마트폰/태블릿케이스,2710
휴대폰/스마트폰>휴대폰케이스,2708
휴대폰 액세서리>케이스,2708
공구/안전/산업용품>전동공구,2671
인테리어소품>기타 인테리어소품,2639
홈인테리어/조명>리빙/수납 소품,2543
생활용품>공구,2536
남성의류>긴팔티셔츠,2529
조명/인테리어>벽장식,2521
생활용품>수납/정리용품,2518
출산·유아동>완구·교구·도서,2440
패션의류잡화>여성패션,2428
생활/건강>자동차용품,2340
문구/팬시용품>학습준비물,2292
출산/육아>완구/매트,2206
주방/수입주방>주방잡화,2205
생활·주방>주방용품,2198
문방구/사무/종이>전용지/라벨지/견출지,2105
디자인/문구/사무용품>스티커/라벨,2100
자동차용품>내부용품,2081
장난감>미술놀이,1999
주방용품>보관/밀폐용기,1985
자동차>타이어·실외용품,1940
자동차용품>실외용품,1934
블랙박스/내비/자동차용품>익스테리어용품,1922
완구>교육,1907
자동차용품/스쿠터>카액세서리,1895
주방용품/수입주방>주방선반/주방잡화,1887
장난감/교육완구/인형>미술/공작완구,1869
장난감/교육완구/인형>미술/공작,1864
주방잡화>주방잡화/교체용품,1818
도서>국내도서,1785
패션의류잡화>남성패션,1745
브랜드 잡화>패션잡화,1690
미술/화방용품>어린이 미술용품,1665
패션잡화>시즌잡화·소품,1631
생활/건강>문구/사무용품,1587
패션잡화>스타킹/레깅스/양말,1509
가방/패션잡화>레깅스/스타킹/양말,1488
가방/패션잡화>양말/스타킹,1468
주방용품>조리도구,1460
문구/오피스>문구/학용품,1454
패션의류>남성의류,1400
생활용품>욕실용품,1308
공구/안전/산업용품>절삭공구,1301
생활/건강>반려동물,1270
가구/홈데코>가구,1193
공구/철물/산업/안전>수작업공구,1177
공구>작업/수공구,1159
디자인/문구/사무용품>책상정리용품,1146
공구/안전/산업용품>안전보호구,1131
가구/인테리어>수납가구,1071
공구/안전/산업용품>철물용품,1035
생활·주방>쿡웨어,1027
공구/설비자재>전기/산업자재,1000
문구/사무>문구/사무,988
반려동물용품>강아지용품,984
조명/인테리어>페인트,972
공구>전동공구,966
문구/사무용품>책상정리용품,966
공구/포장재/안전용품>전동공구,962
가구·홈·데코>시공·DIY·정원가구,946
생활용품>청소용품,915
문방구/사무/종이>문구용품,913
생활·주방>수납·정리용품,905
가구/DIY>DIY자재/용품,904
공구/포장재/안전용품>작업공구,893
가구/인테리어>DIY자재/용품,882
패션잡화>여성가방,875
DIY자재/용품>자재,860
생활용품>선반/행거/진열대,856
공구/철물/산업/안전>절단공구/산업기기,775
가공식품>빵/케이크,774
주방용품>냄비/솥,756
문구/사무용품>오피스용품,732
브랜드패션>가방·지갑·벨트,704
공구/철물/산업/안전>전동공구,692
가구/DIY/시공>침실가구,692
거실/주방/수납가구>수납가구,689
반려동물용품>외출용품,687
문구/사무용품>필기용품,676
수납가구>기타 수납소품,676
침구/커튼/장식소품>수납소품,671
가방/잡화>가방,660
패션의류잡화>유니섹스/남녀공용 패션,657
주방용품>업소용 주방용품,645
공구/철물/산업/안전>철물/전기/자재,640
생활용품>철물,633
문구/사무용품>노트/수첩/메모지,604
생활·주방>세탁·욕실용품,603
가방/패션잡화>여성가방,602
생활용품>접착용품,602
가방/잡화>여성가방,592
반려동물용품>강아지간식,580
조명/인테리어>조명기구,579
주방용품>수저/컵/식기,560
식품>가공식품,555
공구/안전/산업용품>보수용품,541
생활·주방>테이블웨어,532
남성의류>트레이닝복,528
생활·주방>보관·밀폐용기,520
주방용품>취사도구,517
반려동물용품>장난감/훈련용품,514
주방용품>밀폐용기,505
생활/미용가전>사무가전,500
생활용품>욕실목욕용품,499
가구·홈·데코>홈패브릭·수예,499
공구/안전/산업용품>보수재,494
공구/포장재/안전용품>절삭공구,493
공구/포장재/안전용품>DIY,493
공구/포장재/안전용품>안전용품,486
공구/철물/산업/안전>보호/안전용품,485
주방용품>식기,484
공구/안전/산업용품>측정공구,474
주방용품/수입주방>보관/밀폐용기,473
뷰티>뷰티소품,460
주방용품>프라이팬/냄비,460
공구>절삭공구,450
식품·건강>스낵·견과·빵·떡,447
DIY/시공/원예/꽃배달>리폼/데코타일/페인트,445
패션잡화>여성신발,445
문구/오피스>미술/화방용품,442
문구/사무>다이어리/팬시/앨범,441
가구·홈·데코>서재·사무용가구,441
식품>스낵/간식,439
가공식품>과자/베이커리/떡,437
공구/안전/산업용품>전기용품,434
생활/욕실/수납용품>욕실용품,433
패션잡화>쥬얼리,430
DIY/시공/원예/꽃배달>DIY가구/자재/용품,430
쥬얼리/시계/선글라스>귀걸이,428
PC주변기기>PC주변용품,426
쥬얼리/시계>귀걸이,423
침구/커튼>수예용품,422
모바일/태블릿>휴대폰보호용품,416
생활/수납/청소/욕실>행거/옷걸이,415
생활/욕실/수납용품>행거/옷걸이,415
가구·홈·데코>거실·수납가구,414
주방용품/수입주방>냄비/솥/주전자,414
주방용품>주방소모품,402
가공식품/즉석/간식>빵/떡/한과/쿠키,399
사무/오피스용품>데스크정리용품,398
문구/사무용품>사무용지,396
반려/애완용품>강아지/고양이 겸용,396
가구/인테리어>DIY/리폼/주문가구,396
주방용품>그릇/홈세트,392
주방용품>프라이팬,392
문방구/사무/종이>팬시/디자인문구,391
가구/DIY/시공>야외 / 이외 가구,390
문구/사무용품>포장용품,390
음료/과자/가공식품>빵/케익/선물바구니,388
과자/간식>빵/베이커리,388
생활용품>세탁용품,387
즉석/간식/가공식품>빵/케익/베이커리,387
생활/욕실/수납용품>문손잡이,387
주방/수입주방>보관/밀폐용기,386
생활/욕실/수납용품>행거/드레스룸,386
수납정리용품>행거,385
생활용품>안전용품,376
주방용품>보관용기,362
가구/인테리어>홈데코,359
조명/인테리어>홈리뉴얼,359
주방용품/수입주방>홈세트/식기류,356
주방용품>조리용품,352
문구/팬시용품>필기도구,349
주방용품/수입주방>조리기구/수저,342
브랜드 언더웨어>여성 언더웨어,339
시계/쥬얼리/선글라스>패션쥬얼리&소품,338
공구/포장재/안전용품>페인트/용품,324
전기/산업자재>페인트/용품,324
공구/설비자재>안전용품,323
구기/라켓>축구용품,322
문구/팬시용품>노트/수첩/다이어리,322
주방/수입주방>조리기구,320
패션잡화>남성신발,319
주방용품>물병/물통,318
생활용품>도장용품,313
도서음반/e교육>음반,312
가방/패션잡화>명품가방,311
반려/애완용품>강아지 사료/간식/영양제,305
공구/안전/산업용품>에어/유압공구,303
공구/안전/산업용품>안전용품,302
안전/보안용품>안전보호구,300
패션잡화>주얼리,298
애완/곤충/관상어용품>애견간식,298
디자인/문구/사무용품>사무기기,295
반려동물용품>고양이용품,294
가구/홈데코>원예/가드닝,292
강아지용품>간식,290
반려동물/애완용품>강아지 간식,290
반려동물용품>강아지 간식,290
도서·교육·취미>원예·가드닝,286
세제/제지/일용잡화>일회용품/주거잡화,285
강아지용품>패션/잡화,284
화장품/향수>이미용소품,284
공구/안전/산업용품>전기/전선용품,282
전기/산업자재>전기생활용품,282
생활/건강>수납/정리용품,280
반려/애완용품>강아지용품,277
꽃/이벤트용품>정원/원예용품,276
스포츠>구기·라켓·기타스포츠,276
꽃/이벤트용품>이벤트/파티용품,270
주방용품>컵/잔,268
쥬얼리/시계/선글라스>헤어액세서리,267
문구/오피스>사무기기,264
주방용품>식기/홈세트,263
자동차용품>외부용품,261
침구/커튼/장식소품>홈패브릭/DIY/수예,259
가방/패션잡화>남성가방,258
세제/구강>주방소모품,256
생활용품>수납/정리,255
패션잡화>남성가방,251
문방구/사무/종이>사무기기,251
문구/사무용품>사무기기,251
공구/포장재/안전용품>연결/고정용품,251
문구/사무>사무기기/광학기기,249
자동차용품>인테리어용품,248
주방/수입주방>식기류,248
주방/수입주방>냄비,245
쥬얼리/시계>헤어액세서리,245
주방용품>냄비,245
디자인/문구/사무용품>가위/칼/풀,243
장난감>교육완구,242
휴대폰>보호필름/강화유리,241
생활/건강>수집품,240
생활·주방>청소용품,239
홈패브릭/수예>주방패브릭,239
패션잡화>패션소품,233
생활/건강>생활용품,232
가구·홈·데코>조명·스탠드,232
문구/팬시용품>팬시/포장용품,232
가방/잡화>백팩/캐주얼가방,230
반려동물/애완용품>애완 야외용품,229
생활용품>생활잡화,229
자동차용품>세차/관리용품,228
침구/커튼/장식소품>조명/전구,228
PC부품/주변기기/저장장치>PC주변기기,226
장난감/완구>블록,226
생활/건강>청소용품,225
화장품/미용>뷰티소품,225
생활/욕실/수납용품>청소용품,224
생활/수납/청소/욕실>휴지통/청소용품,224
문방구/사무/종이>필기구,222
애완/곤충/관상어용품>애견하우스/이동장,221
악기/취미>모형/프라모델/피규어,220
반려동물용품>강아지패션용품,220
조명/인테리어>조명/스탠드,220
강아지 용품>외출용품,220
생활·주방>건강·성인용품,218
유아동도서>유아,217
스포츠>캠핑용품,217
공구/안전/산업용품>산업기기,217
도서/교육/음반>유아,216
도서/교육/음반>아동,216
북마켓>아동,216
출산/육아>교재/서적,216
자동차>자동차 관리용품,216
문구/사무>업소/판촉/포장,216
도서음반/e교육>유아,216
주방용품>주방정리용품,215
향수/바디/헤어/미용>뷰티소품/미용재료,214
디지털/가전>PC액세서리,213
홈인테리어/조명>인테리어조명/방등,212
쥬얼리/시계>귀걸이/피어싱,211
주얼리>귀걸이,211
휴대폰 액세서리>휴대폰 보호필름,208
생활/건강>화방용품,208
스마트폰/액세서리/웨어러블>보호필름/강화유리,208
문구/사무용품>필기구,205
스포츠/레져>구기스포츠,205
사무기기/사무용지>사무기기,205
침구/커튼>커버류,204
주방/수입주방>찻잔/물병/컵,204
수납가구>소품 수납정리함,203
게임기/타이틀>레이저복합기-무한,202
문구/사무>복사용지/전산용지,198
완구>블록,197
꽃/이벤트용품>조경/원예용품/화분장식,197
문구/사무용품>수첩/메모지,197
공구/포장재/안전용품>박스/포장재,196
디자인/문구/사무용품>메모지/접착식메모지,194
PC부품/주변기기>PC 주변용품,194
생활/욕실/수납용품>목욕용품/소품,194
취미/수집/파티용품>종교용품,193
조명/인테리어>홈갤러리/액자,192
슈즈>트렌드 여성화,191
침구/커튼>이불,189
생활/수납/청소/욕실>수건/욕조/욕실소품,189
생활/욕실/수납용품>다용도정리함/바구니,188
디자인/문구/사무용품>사무용지,186
신발>여성화,186
컴퓨터부품/주변기기>소모품/액세서리,185
구기/라켓>구기 스포츠,184
문구/사무용품>보드/게시판,184
침구/커튼/장식소품>홈데코,183
주방/수입주방>주방 일회용품,183
화장품/향수>네일케어,183
패션잡화>모자,183
패션의류>여성언더웨어/잠옷,182
수납정리용품>선반/수납용품,182
가전·컴퓨터>노트북·데스크탑,182
주방용품>수저/포크,180
사무기기/사무용지>전용지,179
생활/욕실/수납용품>세탁용품,179
문구/사무>화방/제도,179
반려/애완용품>고양이용품,178
주방/생활/이미용가전>전기용품,178
꽃/원예/원예용품>원예용품,178
사무/오피스용품>사무포장/접착용품,178
자동차용품>세차용품,176
생활/건강>욕실용품,176
생활/수납/청소/욕실>욕실수납/발판/비데,175
공구/안전/산업용품>농기계/농기구,174
가방/잡화>패션 잡화/소품,174
브랜드 잡화>여성화,174
DIY/시공/원예/꽃배달>원예용품/화분장식/흙,173
생활/욕실/수납용품>생활잡화,173
주방용품>수저/양식기,172
욕실용품>욕실소품/잡화,171
자전거/보드/기타레저>자전거용품,170
장난감/완구>유아동퍼즐,168
장난감/교육완구/인형>퍼즐,168
바디/헤어>헤어스타일링,168
자동차>자동차 실내용품,166
장난감>작동완구,163
주방용품>홈메이드제조기,163
휘트니스/수영>헬스용품,162
공구/포장재/안전용품>원예공구/예초기,161
여성의류>마담의류,161
문구/사무>학용품/지도/보드,161
문구/사무용품>사무용품,160
디자인/문구/사무용품>펜/매직/마카,160
패션의류>여성의류,159
사무/오피스용품>사무비품,159
공구/포장재/안전용품>측정공구,158
스포츠/레져>캠핑,156
장난감>블록/게임완구,156
언더웨어>테마속옷,155
악기/취미>수집용품,155
브랜드 주얼리>브랜드 여성주얼리,154
스포츠/레져>헬스/요가,152
취미/수집/파티용품>취미/DIY,152
육아용품>생활용품,152
완구/취미>STEAM/학습완구,152
애완/곤충/관상어용품>고양이하우스/장난감,152
공구/안전/산업용품>안전설비,151
신발>스니커즈/슬립온,151
주방용품>주방일회용품,151
생활/욕실/수납용품>테이프크리너/청소도구,151
도서·교육·취미>음반·DVD,149
애완/곤충/관상어용품>장난감/훈련용품,149
음반/DVD>CD/LP,149
도서/교육/음반>음반,149
도서/음반/DVD>음반,149
생활/건강>음반,149
북마켓>음반,149
브랜드 신발/가방/잡화>여성화,149
도서/음반>음반,149
가구/홈데코>패브릭소품/커버,149
디자인/문구/사무용품>택배포장용품,148
반려동물/애완용품>강아지 장난감/훈련,148
강아지 용품>장난감/훈련용품,148
캠핑/낚시>캠핑,148
반려동물용품>강아지 장난감/훈련,148
남성의류>스포츠/아웃도어,147
조명>조명,145
주방용품>솥/찜기/뚝배기,145
생필품>일회용품,144
주방용품>커피용품,144
브랜드패션>패션소품,144
조명/인테리어>장식소품,144
공구>측정용공구,144
주방용품>조리기구,144
여성의류>언더웨어,142
주방/수입주방>압력솥/찜기,142
반려동물용품>고양이간식,142
가방/잡화>여행가방/캐리어,141
안전/보안용품>안전시설용품,139
골프>필드용품,139
자동차용품>자동차DIY용품,138
언더웨어/잠옷>브랜드 언더웨어,137
패션잡화>여행용가방/소품,137
주방용품/수입주방>업소용 식기자재,137
침구/커튼>홈패션/수예용품,136
PC주변기기>멀티탭,135
침구/커튼>카페트/러그,135
건강/의료용품>일반의료용품,134
여성가방>숄더백,134
전기/산업자재>포장용품,134
생활용품>건강용품,133
가공식품>조미료/양념,133
쥬얼리/시계>헤어 액세서리,133
패션잡화>헤어액세서리,133
스포츠의류/운동화>스포츠남성의류,132
악기/취미>종교용품,132
빅사이즈/시니어의류>남성트레이닝복,132
스포츠의류/잡화>트레이닝복세트,132
주방용품>와인용품,130
공구/안전/산업용품>건전지/충전지,130
자동차용품>카인테리어용품,130
욕실용품>욕실수납,130
시계/쥬얼리/선글라스>헤어액세서리,129
도서/음반/DVD>잡지,129
디자인/문구/사무용품>보드/게시판,129
자동차용품>자동차램프,128
스포츠의류/운동화>스포츠보호용품,128
문구/사무용품>복사용지,127
반려/애완용품>고양이 사료/간식/영양제,127
여성가방>토트백,127
생활/수납/청소/욕실>선반/서랍장/수납,127
스포츠/레져>등산,126
주방용품/수입주방>후라이팬류,126
애완/곤충/관상어용품>애견패션소품,126
주방/수입주방>후라이팬/요리팬,126
생활용품>샤워기/수전용품,126
스포츠/레저>캠핑,125
수입명품>패션소품/잡화,125
출산/육아>이유식용품,123
구기/라켓/수영/스키>축구,122
문구/사무용품>파일/바인더,122
생활용품>가정생활잡화,121
자전거/헬스/스포츠>축구용품/의류,121
도서·교육·취미>키덜트,120
반려동물용품>하우스/안전용품,120
생활용품>조명/전기용품,119
강아지용품>장난감,119
문구/사무용품>보드/칠판,119
가방/잡화>백팩/캐쥬얼가방,118
생활/수납/청소/욕실>리빙박스/정리함,118
스포츠의류/운동화>스포츠잡화,117
키덜트/악기/취미>키덜트,117
장난감>블록,116
반려동물용품>강아지미용용품,116
주방가전>커피메이커,114
주방/수입주방>홈베이킹용품,113
장난감/교육완구/인형>블록,113
장난감/교육완구/인형>블럭,113
생활/수납/청소/욕실>생활잡화,113
가구/홈데코>수선/수예도구,113
강아지 용품>하우스/실내용품,113
문구/사무용품>붓,112
가공식품>조미료/소스/설탕,112
애완/곤충/관상어용품>고양이간식/식기,112
남성의류>캐주얼 바지/팬츠,112
가전/디지털>냉장고/밥솥/주방가전,111
침구/커튼>침구,111
등산/아웃도어>등산잡화/배낭,110
반려동물용품>강아지의류/패션,110
강아지 용품>의류/패션잡화,109
침구/커튼/카페트>홈수예/뜨개실/원단,109
공구/철물/산업/안전>엔진톱/펌프/농축수산업,109
반려동물/애완용품>고양이 장난감/캣타워,109
식품·건강>밀가루·오일·소스·장류,109
구기/라켓/스포츠>축구,109
가구/인테리어>수예,109
스포츠/레저>축구,109
생활/수납/청소/욕실>빨래/건조대/다리미,109
문방구/사무/종이>노트류,108
화장품/향수>뷰티소품/미용재료,108
디자인/문구/사무용품>노트/수첩,108
취미>모형/프라모델,108
가구/인테리어>침구단품,108
반려동물/애완용품>애완 패션용품,108
스포츠>자전거·킥보드·인라인,107
장난감/교육완구/인형>모형/프라모델,107
가전·컴퓨터>주방가전,106
쥬얼리/시계/선글라스>팔찌/발찌,106
가구/홈데코>침구,105
가방/잡화>모자,105
문구/사무용품>노트,105
건강/의료용품>실버/의료용품,105
꽃/이벤트용품>원예/식물,104
출산/유아용품/임부복>이유식용품,104
구두/여성화/남성화>부츠/레인부츠,104
출산/육아>유아안전용품,104
악기/취미/프라모델>미술용품,104
주방용품>수저/커트러리,104
악기/취미/프라모델>모형/프라모델,104
사무/오피스용품>보드/칠판/광고,103
가공식품>냉동/간편조리식품,103
가방/패션잡화>모자,103
침구/커튼/장식소품>침구단품,103
강아지 간식>기타 간식,102
공구/안전/산업용품>용접공구,102
반려동물용품>식기/급수기,102
캠핑/낚시>취사용품,102
생필품>세제/세정제,102
공구/포장재/안전용품>유/공압공구,101
가방/패션잡화>지갑,101
공구/철물/산업/안전>에어공구,101
주방/수입주방>수저/커트러리,101
공구>유/공압공구,101
쥬얼리/시계>팔찌/발찌,101
신발>여성부츠/워커,100
블랙박스/내비/자동차용품>세차/관리용품,100
욕실용품>수건/타월,99
스포츠/레저>헬스,99
완구/취미>프라모델,99
사무/오피스용품>화일/바인더,99
문구/사무용품>화방지류,98
스포츠/레저>등산,98
악기/취미>타악기,98
주방잡화>냄비/컵/수저받침,98
홈인테리어/조명>인테리어/아이디어소품,97
여성신발>부츠,97
조명/인테리어>액자,96
가전·컴퓨터>PC부품·주변기기,96
가공식품>과자/간식,96
침구/커튼/장식소품>액자/사진소품,96
홈인테리어/조명>액자/앨범/사진소품,96
인테리어소품>액자,96
주방용품>칼/커팅기구,96
계절가전>공기청정기,96
스포츠>등산·아웃도어용품,95
주방용품>제과/제빵도구,95
조명/인테리어>아로마/캔들용품,95
침구/커튼/카페트>패브릭커버/소품,95
공구/철물/산업/안전>측정공구,94
생활/건강>세탁용품,94
구두/여성화/남성화>단화/플랫슈즈,93
취미>파티용품,93
슈즈>아동/기능화,93
자전거/헬스/스포츠>자전거용품,93
생활/건강>정원/원예용품,93
도서/음반>유아,93
문구/사무용품>카드/편지지,93
스포츠/레저>자전거,93
디자인/문구/사무용품>편지지/카드,93
문구/팬시용품>편지지/엽서/봉투,93
취미/수집/파티용품>이벤트/파티용품,93
완구>놀이,92
언더웨어>내의,92
문방구/사무/종이>보드/칠판,92
홈패브릭/수예>커버류,91
가구/DIY>사무/업소용가구,91
세제/구강>일회용품,91
생활/욕실/수납용품>욕실개조용품,91
주방잡화>고무장갑,91
등산/캠핑/낚시/여행>코펠/쿨러/조리도구,91
디지털/가전>주방가전,90
스포츠/레져>골프,89
디자인/문구/사무용품>선물/포장용품,89
주방가전>홈메이드가전,89
가방/잡화>지갑/벨트,89
패션잡화>모자/비니/두건,89
문방구/사무/종이>이벤트/파티용품,89
여성의류>클럽의상/파티복,88
스포츠/레져>자전거,88
바디/헤어/향수/미용>이미용소품,88
침구/커튼>패브릭커버/소품,88
식품>가공/즉석식품,87
자전거/헬스/스포츠>헬스용품,86
가방/패션잡화>우산/양산/소품,86
가방/패션잡화>명품 패션소품/잡화,86
식품·건강>간편식·냉장·냉동,86
문구/사무용품>드로잉용품,86
생활/욕실/수납용품>정리함,85
도서/음반/DVD>자연/과학,85
가방/패션잡화>여행가방,85
건강/의료용품>건강관리용품,85
스포츠/레저>스포츠액세서리,84
장난감/완구>작동완구,84
꽃/원예>기타 원예용품,84
반려동물용품>고양이장난감,84
고양이용품>장난감,84
고양이 용품>장난감 ,84
식품>신선식품,83
공구>원예용품,83
주방용품>솥/찜기,83
자전거>자전거 부품,83
건강/의료용품>안마용품,83
미술/화방용품>미술 보조 용품,83
주방용품>컵/잔/텀블러,82
패션잡화>우산/양산/기타소품,82
자동차용품>자동차모바일용품,82
생활/욕실/수납용품>목욕/샤워용품,82
장난감>퍼즐/큐브/피젯토이,82
스포츠>헬스용품,82
화방용품>수채화용품,82
주방용품>잔/컵,82
꽃/원예/팬시/선물>돌/결혼/이벤트용품,81
키덜트/악기/취미>취미/수집용품,81
홈인테리어/조명>이벤트/파티용품,81
주방용품/수입주방>물병/컵/잔,80
캠핑/낚시>낚시,80
반려동물용품>강아지위생용품,80
강아지 용품>미용/목욕용품,80
신발>신발용품,80
등산/아웃도어>등산장비,80
자동차용품/스쿠터>세차용품,79
꽃/원예/팬시/선물>원예도구/재료,79
가공식품/즉석/간식>식용유/소스/조미료,79
스포츠의류/운동화>액세서리/잡화,79
강아지 간식>껌,78
출산·유아동>수유·이유용품,78
악기/취미>게임/퍼즐,78
자동차용품>자동차매트/시트/쿠션,78
가구·홈·데코>침구,78
음료/과자/가공식품>조미료/소스/분말류,78
주방용품>주전자/티포트,78
브랜드 신발/가방/잡화>패션잡화,77
생활/욕실/수납용품>선반/진열대,77
이미용소품/기기>헤어소품,77
등산/캠핑/낚시/여행>등산배낭/스틱/랜턴,77
출산·유아동>안전·실내용품,77
등산/캠핑/낚시/보드>등산잡화,76
생활/건강>악기,76
브랜드패션>여성의류,76
이미용소품/기기>아이소품,76
스포츠>골프,76
도서·교육·취미>악기,76
주방용품>커피/티/와인,76
조명/인테리어>캔들/디퓨져,74
홈인테리어/조명>캔들/디퓨저/방향제,74
이미용소품/기기>이미용소품 기타,74
완구/취미>악기/음향기기,74
디자인/문구/사무용품>필통,74
디자인/문구/사무용품>연필/샤프/지우개,74
캠핑/낚시>캠핑조명용품,74
등산/캠핑/낚시/보드>등산장비용품,73
가공식품>축산가공식품,73
자전거>자전거부품,73
생활/욕실/수납용품>수건/타올,73
건강/의료용품>약국소모품/의약외품,73
침구/커튼/카페트>침구단품/이불/패드,73
가공식품>식용유/오일,73
스포츠 잡화>스포츠 액세서리 기타,73
주방용품>칼/가위/도마,72
신발>캐주얼화,72
스포츠의류/운동화>스포츠기타용품,72
디자인/문구/사무용품>포스터칼라,72
생활/수납/청소/욕실>샤워기/세면기/욕실편의,72
브랜드 진/캐주얼의류>티셔츠/셔츠,72
휘트니스/수영>헬스기구,72
공구>농업기계/농업용품,72
건강/의료용품>실버용품,72
악기/취미/프라모델>악기/레슨,71
휘트니스/수영>요가/필라테스,71
스포츠>스포츠잡화,71
자동차용품>실내용품,71
고양이용품>간식,71
장난감>스포츠/시즌완구,71
스포츠/레져>낚시,71
수입명품>명품 잡화,71
반려동물/애완용품>고양이 간식,71
스포츠/레저>낚시,71
스포츠>낚시,71
쥬얼리/시계/선글라스>쥬얼리세트,71
스포츠/레저>골프,70
홈/언더웨어>여성 브라팬티 세트,70
자동차용품>자동차수납용품,70
주방가전>에어프라이어/튀김기,70
컴퓨터 주변기기>PC액세서리,70
브랜드 잡화>여성가방,70
언더웨어>브라팬티 세트,70
캠핑/낚시>캠핑일반용품,70
언더웨어>브라팬티세트,70
홈패브릭/수예>수예용품,70
주방/수입주방>칼/도마/가위,69
인테리어소품>크리스마스 트리,69
애완/곤충/관상어용품>애견미용용품,68
휴대폰 액세서리>기타 휴대폰용품,68
건강용품/실버/비데>가정용/의약외품,67
생활/건강>의료용품,67
주방용품>주방수납용품,67
세제/화장지/구강/면도>응급/구급/의료용품,67
생활용품>의료/간호용품,67
자동차용품/스쿠터>DIY용품,67
미러리스/DSLR/디카>건전지/충전지/충전기,67
수입명품>명품 여성가방,67
브랜드 여성가방>파우치,67
자동차용품>램프/배터리/전기,67
자동차용품>부품/튜닝,67
병원/의료용품>구급/응급용품,67
생활용품>생활안전용품,66
반려동물용품>관상어·소동물,66
공구/철물/산업/안전>측량/측정기기,66
반려동물용품>반려동물영양제,66
패션의류잡화>영유아동 신발/잡화/기타의류(0~17세),66
가공식품>소스/드레싱,66
가구/인테리어>주방가구,66
수입명품>명품 패션소품,65
조명/인테리어>전구/형광등,65
식품>장/소스,65
구기/라켓>배드민턴용품,64
자동차용품/스쿠터>LED/HID/램프,64
자동차용품>램프,64
PC주변기기>소모품/액세서리,64
스포츠의류/잡화>가방/잡화,64
블랙박스/내비/자동차용품>램프/LED/HID,64
슈즈>트렌드 남성화,64
공구/안전/산업용품>농업기계/농업용품,64
주방용품>주방수납/정리,64
패션잡화>지갑,64
구기/라켓>농구용품,64
타이어/오일/부품>램프/LED/HID,64
자전거/인라인/오토바이>자전거 자물쇠/라이트,64
악기/취미>공예품,64
자전거/보드>자전거 액세서리,64
구두/여성화/남성화>기능화,63
헤어케어>헤어스타일링,63
블랙박스/내비/자동차용품>튜닝용품,63
수입명품>명품 슈즈,63
구기/라켓>야구용품,63
신발>기능화,63
욕실용품>샤워기/수전,63
주방/생활/이미용가전>헤어롤/헤어브러쉬,63
반려동물용품>고양이 사료,63
홈패브릭/수예>공예용품,63
남성신발>기능화,63
반려동물용품>강아지사료,62
여성가방>백팩,62
바디/헤어>헤어케어,62
반려동물용품>관상어용품,62
주방용품>주방수납,62
쌀/과일/농수축산물>가공육류,62
완구/취미>블록놀이,62
향수/바디/헤어/미용>네일아트,61
국내/해외화장품>네일아트/페디큐어,61
디자인/문구/사무용품>화일/바인더,61
화장품/미용>네일케어,61
침구/커튼/카페트>카페트/러그/매트,61
뷰티>네일케어,61
자동차용품>매트/시트/쿠션,60
블랙박스/내비/자동차용품>시트커버/바닥매트,60
조명/인테리어>소품보관,60
브랜드 잡화>지갑/벨트,60
꽃/원예>꽃/식물,60
뷰티>네일,60
자전거/헬스/스포츠>스포츠액세서리,60
문방구/사무/종이>사무용품,59
주방/수입주방>주방수납보관,59
주방용품>와인/주류용품,59
자동차용품/스쿠터>시트/커버,59
자동차용품>시트/쿠션,59
인테리어소품>캔들,59
주방용품>칼/도마,59
반려동물/애완용품>애완 쿠션/하우스,58
스포츠의류/운동화>보호대/테이핑,58
강아지용품>미용용품,58
바디/헤어>구강케어,58
홈/언더웨어>잠옷/홈웨어/슬립,58
반려동물용품>강아지 미용/목욕,58
반려동물/애완용품>강아지 미용/목욕,58
가방/잡화>남성/서류가방,57
여성의류>티셔츠,57
등산/캠핑/낚시/여행>등산모자/장갑/양말,57
여성의류>티셔츠/맨투맨/후드,57
골프>골프필드용품,57
여성의류>티셔츠/후드/맨투맨,57
주방용품>보온/보냉용품,56
생활/건강>원예/식물,56
등산/아웃도어>등산잡화,55
생활/욕실/수납용품>선반/수납용품,55
골프클럽/의류/용품>필드용품,55
남성가방>백팩,55
디지털/가전>계절가전,55
조명/인테리어>아로마캔들/향초,55
고양이용품>생활용품,54
문구/사무용품>다이어리/플래너,54
주방용품/수입주방>칼/도마/커팅기구,54
캠핑/낚시>낚싯대,54
스포츠/레져>라켓스포츠,54
가방/패션잡화>여행소품,54
문구/사무용품>물감/포스터칼라,54
공구/안전/산업용품>예초기,54
애완/곤충/관상어용품>애견위생용품,53
침구>이불,53
구기/라켓>라켓 스포츠,53
PC주변기기>네트워크장비,53
자전거/헬스/스포츠>농구/배구/유니폼,53
주방용품/수입주방>커피용품,53
언더웨어>잠옷/홈웨어,53
가전/디지털>계절환경가전,53
생활용품>배관/건축자재,53
조명/인테리어>타일/바닥재,53
휘트니스/요가>요가/필라테스,53
주방용품>압력솥/가마솥,53
반려/애완용품>관상어용품,52
유아안전/실내용품>유아안전용품,52
출산/임부/유아용품>안전용품,52
출산/육아>안전용품,52
출산/유아용품/임부복>안전용품,52
출산/유아용품/임부복>유아안전용품,52
등산/아웃도어>등산/아웃도어 잡화,52
네일케어>네일아트용품,52
가방/잡화>지갑,52
침구/커튼>베개/베개커버,51
패션잡화>캐쥬얼가방,51
강아지용품>식기용품,51
반려동물/애완용품>애완 식기/급수기,51
반려동물용품>급식기/급수기,51
반려동물용품>고양이 하우스/방석,51
문방구/사무/종이>화일/바인더,51
악기/취미>드럼/국악기/타악기,51
가전·컴퓨터>계절가전,50
여성가방>크로스백,50
반려동물용품>고양이위생용품,50
장난감/교육완구/인형>작동완구,50
화방용품>미술보조용품,50
고양이 간식>습식/파우치/캔,49
악기/악기용품>드럼/타악기,49
식품·건강>생수·음료·커피·유제품,49
키덜트/악기/취미>드럼/타악기,49
주방용품>양념통/오일병,49
남성가방>크로스백,49
장난감/교육완구/인형>작동/자동차/기차,49
장난감>무선조종완구/RC,49
구기/라켓/수영/스키>농구/배구,49
악기>타악기,49
완구/취미>로봇/작동완구,49
신발>운동화,49
휘트니스/요가>헬스,49
전기/산업자재>보수용품,49
키덜트/악기/취미>게임,49
언더웨어>브라탑/런닝/속바지,48
등산/캠핑/낚시/보드>취사/버너/식기도구,48
주방가전>주방보조기기,48
주방용품>칼,48
주방/수입주방>커피용품,48
생활용품>해충퇴치용품,48
완구/취미>보드게임,48
가방/패션잡화>키링/가방액세서리,47
가방/잡화>키링/가방액세서리,47
캠핑/낚시>캠핑소품/수납가방,47
여성의류>원피스,47
식품>과자,46
뷰티소품>화장품용기,46
식품>가루/조미료/향신료,46
도서·교육·취미>보드게임·RC,46
문구/사무용품>미술보조용품,46
즉석/간식/가공식품>간식/스낵/시리얼/안주,46
미술/화방용품>물감/채색 용품,46
주방용품>베이킹용품,45
침구/커튼>카페트/러그/매트,45
수입명품>여행가방,45
문구/사무용품>앨범,45
가구/인테리어>카페트/러그,45
침구/커튼/장식소품>카페트/러그/매트,45
가구/홈데코>카페트/매트,45
향수/바디/헤어/미용>바디클렌저/로션/오일,45
가방/잡화>우산/양산,45
식품>냉장/냉동식품,45
블랙박스/내비/자동차용품>인테리어용품,45
골프>골프연습용품,45
바디/헤어>바디로션/핸드/풋,45
계절가전/에어컨>가습/청정가전,44
휘트니스/수영>물놀이용품,44
침구/커튼>토퍼/패드,44
생활·주방>헤어·바디·구강·면도,44
국내/해외화장품>남성화장품,44
악기/취미/프라모델>종교용품,44
완구/취미>수집품,44
생활/건강>종교,44
취미>종교용품,44
문구/사무용품>명함/명찰/명패,44
키덜트/악기/취미>종교용품,43
문방구/사무/종이>만년필,43
미술/화방용품>스케치/드로잉 용품,43
가공식품>즉석조리식품,43
주방잡화>위생백/지퍼백,43
문구/사무>만년필,43
가구/인테리어>서재/사무용가구,43
구기/라켓/스포츠>농구,43
주방용품>도시락,43
가구/DIY>수납가구,42
생활·주방>세제·섬유유연제,42
골프>골프의류/잡화,42
가공식품>통조림/캔,42
신발>힐/펌프스,42
헬스/다이어트/보충제>장갑/보호대/아대,42
청소용품>청소솔,42
남성신발>스니커즈,42
생활용품>생활소품,42
패션잡화>지갑·벨트,42
디자인/문구/사무용품>전통소품,42
주방가전>전기포트,42
세제/구강>칫솔/면도/비누,41
이미용소품/기기>페이스소품,41
강아지 간식>육포/져키/트릿,41
블랙박스/내비/자동차용품>모바일/카액세서리용품,41
골프클럽/의류/용품>골프용품기타,41
여성의류>점퍼/야상/패딩,41
냉장/냉동식품>냉장/냉동식품 기타,41
여행가방/소품>여행파우치,41
주방용품/수입주방>보온/보냉용품,41
출산/임부/유아용품>이유식용품,41
주방용품>압력솥,41
장난감/완구>자연/과학완구,40
여성의류>잠옷·홈웨어,40
장난감/교육완구/인형>과학/실험교구,40
이유용품>젓가락,40
장난감/교육완구/인형>보드게임/다트/카드,40
식품>냉동/간편조리식품,40
가구/인테리어>침실가구,40
꽃/원예/팬시/선물>원예DIY,40
청소용품>기타 청소도구,40
스마트폰/액세서리/웨어러블>거치대/셀카봉·렌즈,40
생활/욕실/수납용품>휴지통/분리수거함,40
계절가전>공기청정기/필터,40
스포츠/레져>스포츠 잡화,40
장난감/교육완구/인형>보드게임,39
공구/포장재/안전용품>전기/산업용품,39
등산/캠핑/낚시/보드>낚시장비,39
자동차용품/스쿠터>수납용품,39
음향기기>마이크,39
패션의류>남성언더웨어/잠옷,39
언더웨어>여성 팬티,39
홈/언더웨어>여성 팬티,39
브랜드 언더웨어>남성 언더웨어,39
생활용품>구강/면도,39
취미>보드게임/테이블게임,39
가전/디지털>음향기기/이어폰/스피커,39
게임기/게임타이틀>게임기 본체,39
뷰티>헤어,39
등산/아웃도어>등산장비용품,39
자동차용품>거치대/충전기,39
여성의류>테마의류,39
즉석/간식/가공식품>조미료/양념,39
주방용품>홈베이킹용품,39
건강/의료용품>손/발건강용품,38
문구/사무용품>파일,38
뷰티>헤어케어,38
세제/화장지/구강/면도>주방/욕실/다용도세제,38
반려동물용품>강아지 건강/관리용품,38
캠핑/낚시>텐트/타프,38
디자인/문구/사무용품>명찰/쇼케이스,38
생필품>탈취/방향/제습,38
주방용품>도마,38
생활·주방>계절용품,38
도서·교육·취미>DIY공예·아이디어,38
가구·홈·데코>인테리어플라워,38
건강용품/실버/비데>실버/복지용품,38
언더웨어>남성 팬티,38
강아지 간식>수제/유기농 간식,38
언더웨어>잠옷,37
가공식품/즉석/간식>간식/스낵/안주,37
바디/헤어>바디케어,37
캠핑>캠핑랜턴,37
신발>실내화/슬리퍼,37
여성의류>트레이닝복,37
공구/철물/산업/안전>작업공구/수공구,37
등산/아웃도어>등산/아웃도어 용품,37
자동차용품>차량용디지털기기,37
언더웨어/잠옷>잠옷,37
식품>축산,37
자동차용품/스쿠터>모바일액세서리,37
소동물용품>햄스터용품,37
생활/욕실/수납용품>욕실인테리어,37
생활/욕실/수납용품>샤워기,37
음료/과자/가공식품>과자/스낵류,37
생활/욕실/수납용품>밀대/청소포,37
주방/생활/이미용가전>기타,37
문방구/사무/종이>학습용품/준비물,37
카페트/러그>카페트,37
캠핑/낚시>캠핑랜턴/소품,37
식품·건강>라면·즉석밥·통조림,36
등산/캠핑/낚시/보드>침낭/테이블/의자,36
스포츠 잡화>스포츠 용품,36
건강/의료>실버용품,36
생활/건강>실버용품,36
건강/의료용품>찜질용품,36
건강/의료용품>실버/복지용품,36
생활용품>세제,36
스마트폰/액세서리/웨어러블>젠더/터치펜/주변기기,36
디자인/문구/사무용품>화방지류,36
노트북/데스크탑>노트북용품,36
휴대폰/스마트폰>스마트패드액세서리,36
식품>수산,36
가방/잡화>스포츠/아웃도어 잡화,36
꽃/원예/원예용품>크리스마스 트리/소품,36
캠핑/낚시>낚시의류/잡화,36
건강/의료용품>건강측정용품,36
식품>음료,36
휴대폰>휴대폰거치대,35
휘트니스/수영>웨이트기구,35
미술/화방용품>스케치북/미술지류,35
가구/DIY>의자,35
가구/DIY/시공>주방가구,35
강아지 용품>영양제/위생/건강관리,35
장난감/완구>물놀이완구,35
등산/캠핑/낚시/여행>캠핑용품,35
마스크>특수마스크,35
생활용품>디지털도어락/보안용품,35
주방가전>에어프라이어/전기오븐/찜기,35
가공식품>장류,35
자전거/헬스/스포츠>배드민턴,35
휴대폰/스마트폰>기타액세서리,35
캠핑>캠핑용품,35
주방가전>튀김기,35
주방가전>에어프라이어,35
공구/포장재/안전용품>용접공구,34
조명/인테리어>인테리어시계,34
침구/커튼>방석/쿠션,34
주방가전>계량측정기기,34
공구>용접공구,34
가공식품/즉석/간식>만두/떡볶이/튀김/분식,34
청소용품>밀대걸레/패드,34
가방/패션잡화>장갑,34
신선식품>수산,34
가전/디지털>생활가전,34
세제/구강>제습/방향/살충제,34
문구/사무용품>홍보/안내/기념용품,34
신선식품>가공육/양념육류,34
신선식품>축산,34
구기/라켓>배구용품,34
음료/과자/가공식품>만두/탕/간편조리식,33
PC부품/주변기기>네트워크,33
쥬얼리/시계>목걸이/펜던트,33
즉석/간식/가공식품>소스/드레싱,33
구기/라켓/스포츠>배드민턴,33
구기/라켓/수영/스키>배드민턴,33
스포츠/레저>배드민턴,33
구기/라켓>배드민턴,33
주방잡화>랩/호일,33
축산>축산가공식품,32
식품>건강식품,32
패션잡화>신발용품,32
PC부품/주변기기>키보드/마우스,32
출산/유아동>놀이매트/안전용품,32
즉석/간식/가공식품>냉장/냉동식품,32
등산/캠핑/낚시/보드>낚시용품,32
수입명품>쥬얼리,32
완구/취미>스포츠/야외완구,32
도서음반/e교육>여행/취미,32
장난감/교육완구/인형>스포츠완구,32
생활/미용가전>청소기,32
커피/음료>주스/과즙음료,32
신발>여성샌들,32
디지털/휴대폰/카메라>카메라 액세서리,32
구기/라켓>농구,32
과자/간식>스낵/시리얼,32
스포츠/레저>농구,32
주방잡화>일회용수저/포크,31
가방/잡화>여행소품,31
디지털/가전>음향가전,31
세제/화장지/구강/면도>치약/칫솔/가글/치실,31
건강용품/실버/비데>발건강용품,31
생활/수납/청소/욕실>계절/시즌 생활용품,31
장난감/완구>스포츠완구,31
디지털>음향기기,31
반려동물용품>강아지 사료,31
생활/건강>발건강용품,31
애완/곤충/관상어용품>애견사료,31
반려동물/애완용품>강아지 사료,31
식품>농산물,31
강아지용품>사료,31
빅사이즈/시니어의류>남성자켓/점퍼/아우터,31
패션잡화>넥타이/손수건/장갑,31
생활/건강>관상어용품,31
반려동물/애완용품>관상어 용품,31
생활/욕실/수납용품>바구니/바스켓,31
애완/곤충/관상어용품>수조/수족관용품,31
등산/아웃도어>등산모자,31
커피/음료>탄산/청량음료,30
골프>골프용품,30
학생/사무용가구>의자,30
스포츠>요가·필라테스용품,30
유아동의류>여아의류,30
주방가전>전기포트/주전자,30
청소용품>휴지통,30
여성의류>가디건,30
등산/캠핑/낚시/여행>바다 낚시,30
가방/잡화>스카프/손수건,30
생활/욕실/수납용품>옷걸이/옷커버,30
출산/육아>소독/세정용품,30
여성의류>블라우스,30
실버용품>돋보기,30
신선식품>김치/반찬,29
쥬얼리/시계/선글라스>목걸이/펜던트,29
신발>스포츠 신발/운동화,29
생활/욕실/수납용품>욕실보수용품,29
강아지용품>영양제,29
강아지용품>훈련용품,29
세제/제지/일용잡화>구강용품/오랄케어,29
공구/안전/산업용품>펌프/발전기,29
출산/육아>유아위생용품,29
브랜드 잡화>여행가방,29
공구/포장재/안전용품>가정용공구,29
세탁용품>빨래판,29
구두/여성화/남성화>브랜드 여성신발,29
가구/DIY/시공>어린이/서재가구,29
스포츠의류/트레이닝>스포츠 가방,29
등산/캠핑/낚시/보드>캠핑계절용품/난방/쿨러,29
생활/건강>구강위생용품,29
디지털/가전>생활가전,29
자동차용품/스쿠터>방향제/공기청정용품,29
쥬얼리/시계/선글라스>브랜드 여성쥬얼리,28
생필품>화장지/물티슈,28
반려동물용품>강아지영양제,28
문방구/사무/종이>서류양식/정리함,28
자전거/보드/기타레저>스케이트/보드,28
학생/사무/아동가구>사무/교육용가구,28
캠핑/낚시>낚시대,28
화방용품>붓,28
컴퓨터부품/주변기기>PC부품,28
헬스/다이어트/보충제>줄넘기/헬스잡화,28
장난감>인형/역할놀이,28
관상어 용품>수조 부속품/장식품,28
꽃/원예>화분받침,28
출산/유아용품/임부복>유모차,28
반려동물/애완용품>강아지 영양제,28
뷰티>바디,28
반려동물용품>강아지 배변용품,28
캠핑/낚시>낚시일반용품,28
출산/육아>유모차/카시트,28
반려동물/애완용품>강아지 배변용품,28
생활용품>방향/탈취/제습/살충,28
여성의류>브랜드 여성의류,28
가공식품/즉석/간식>즉석식품/HMR/시리얼,28
식품·건강>수산물·건어물,28
반려동물용품>고양이사료,28
주방잡화>일회용식기/도시락,27
자동차용품>차량용휴대폰용품,27
생활가전>청소기,27
세제/화장지/구강/면도>방향/제습/방충/살충,27
수납정리용품>옷걸이,27
생활/욕실/수납용품>호신/보안/안전용품,27
가구/인테리어>사무/업소용가구,27
생활/미용가전>면도기/제모기,27
슈즈>캐주얼화,27
낚시>낚싯대,27
주방/수입주방>와인용품,27
홈/언더웨어>여성 브라,27
언더웨어>여성 브라,27
스포츠/레져>스키/겨울스포츠,27
가구/DIY>화장대/거울,26
자전거/헬스/스포츠>헬스기구,26
디지털/휴대폰/카메라>휴대폰,26
주방가전>믹서기/핸드블렌더,26
생활/욕실/수납용품>DIY/보수/시공,26
침구/커튼>커튼,26
휘트니스/수영>수영용품,26
자동차용품/스쿠터>외장용품,26
가구/DIY/시공>거실가구,26
패션잡화>시계,26
화장품/미용>바디케어,26
패션잡화>여행가방·소품,26
주방가전>믹서기/원액기,26
화장품/미용>헤어케어,26
DIY자재/용품>시트지/스티커,26
반려동물용품>고양이 배변용품,25
반려동물용품>수조부속품,25
반려동물/애완용품>고양이 배변용품,25
고양이용품>배변/위생용품,25
강아지용품>위생용품,25
신발>신발 용품,25
고양이 용품>배변용품,25
출산·유아동>외출용품,25
향수/바디/헤어/미용>헤어샴푸/린스/두피관리,25
가구/DIY>DIY가구/가구리폼,25
헬스/다이어트/보충제>요가매트/짐볼,25
남성의류>테마의류,25
침구>패드/스프레드,25
주방용품/수입주방>제과/제빵용품,25
음료/과자/가공식품>식자재,25
애완/곤충/관상어용품>고양이위생용품,25
고양이 용품>실내용품,25
남성의류>언더웨어,24
애완/곤충/관상어용품>애견식기,24
장난감/완구>감각발달완구,24
PC부품/주변기기/저장장치>공유기/네트워크,24
이유용품>보관용기,24
구두/여성화/남성화>깔창/운동화끈/소품,24
장난감/교육완구/인형>감각발달완구,24
브랜드 여성신발>플랫슈즈,24
바디/헤어>핸드케어/풋케어,24
모바일/태블릿>휴대폰충전용품,24
청소용품>유리닦이용품,24
PC주변기기>모니터 주변기기,24
캠핑/낚시>야외보냉용품,24
주얼리>팔찌,24
구기/라켓>탁구용품,24
구기/라켓>족구용품,24
디자인/문구/사무용품>다이어리/달력/플래너,24
구기/라켓/스포츠>기타 스포츠용품,24
주방가전>진공포장기,24
주방잡화>진공포장기,23
헬스>줄넘기,23
홈패브릭/수예>십자수,23
주방/생활/이미용가전>청결주방가전,23
화장품/향수>아이메이크업,23
언더웨어/잠옷>잠옷/홈웨어,23
커피/음료>생수/음료,23
주방잡화>주방매트,23
패션잡화>스카프/머플러/숄,23
세제/구강>세정제,23
브랜드 여성의류>니트/가디건,23
수입명품>여성의류,23
가전/디지털>이미용건강가전,23
출산/유아용품/임부복>식사용품,23
스마트폰/액세서리/웨어러블>배터리/충전기/케이블,23
여성의류>블라우스/셔츠/남방,23
브랜드 여성의류>원피스,23
세제/구강>주방세제/세정제,23
반려동물/애완용품>강아지 건강/관리용품,23
건강/의료용품>호흡/수면건강용품,23
가공식품>통조림/식용유/잼,23
바디케어>생활선물세트,23
유아동 의류>트렌드 유아동의류,23
세제/제지/일용잡화>생활선물세트,23
세제/구강>생활선물세트,23
패션잡화>장갑,23
즉석/간식/가공식품>즉석밥/국/카레/즉석조리,23
브랜드패션>캐주얼의류,23
구두/여성화/남성화>여성샌들/쪼리,23
세제/방향/살충>청소세제/세정제,23
생활/미용가전>피부관리기기,23
세제/제지/일용잡화>세정제/세정용품,23
PC주변기기>키보드/마우스 주변기기,22
육아용품>발육용품,22
고양이용품>스크래처,22
카메라/드론/VR/360>카메라 액세서리,22
등산/캠핑/낚시/여행>버너/화로대/BBQ,22
반려동물용품>고양이 간식,22
가방/잡화>양말,22
자동차용품>엔진오일/배터리,22
출산/육아>유아외출용품,22
커피/음료>커피전문몰(원두/용품),22
자동차>자동차 디지털기기,22
주방용품/수입주방>와인용품,22
주방용품>칼보관/칼갈이,22
꽃/이벤트용품>크리스마스용품,22
디지털/가전>카메라/캠코더용품,22
가방/잡화>장갑,22
가구/홈데코>커튼/침장,22
캠핑>텐트/타프 용품,22
안전/보안용품>잠금고정/방범용품,22
강아지용품>실내용품,22
자동차용품/스쿠터>중고/재생용품,22
신선식품>해산물/어패류,22
캠핑/낚시>루어낚시용품,22
가공식품>치즈/버터/크림,22
장난감/완구>언어/학습완구,22
언더웨어>잠옷/홈웨어/이지웨어,22
문구/사무>금고/보안,22
가전/디지털>카메라/캠코더,22
여성신발>신발용품,22
출산/육아>유아목욕용품,22
주방용품>이유/유아식기,22
반려동물용품>고양이스크래쳐,22
강아지용품>배변용품,21
자동차용품/스쿠터>내장용품,21
언더웨어/잠옷>라운지/이지웨어,21
여성신발>스니커즈,21
골프>골프백,21
향수/바디/헤어/미용>이미용기기,21
브랜드 여성신발>조리/슬리퍼,21
유아동 신발/잡화>트렌드 아동신발/잡화,21
등산/아웃도어>암벽/클라이밍,21
자동차용품>튜닝용품,21
가방/잡화>스타킹,21
자전거/헬스/스포츠>야구용품/의류,21
스포츠/레저>야구,21
자전거/헬스/스포츠>보호용품,21
세제/구강>세탁세제/섬유유연제,21
가공식품/즉석/간식>업소용/식자재코너,21
남성의류>점퍼,21
가공식품>드레싱,21
디자인/문구/사무용품>이젤/보조용품,21
수영/수상레저>수영 용품,21
구기/라켓/수영/스키>야구,21
구기/라켓/스포츠>야구,21
출산·유아동>유아동의류,21
패션잡화>벨트,20
생활/욕실/수납용품>모기/해충퇴치용품,20
모니터/프린터>모니터용품,20
캠핑>침낭/매트/해먹,20
등산/캠핑/낚시/여행>침낭/침대/매트,20
등산/캠핑/낚시/보드>보드/스키용품,20
스포츠/레져>수영/수상스포츠,20
남성의류>빅사이즈,20
애완/곤충/관상어용품>대형견용품,20
등산/캠핑/낚시/여행>낚시의류/보트/공통,20
장난감>자연과학완구,20
장난감/교육완구/인형>언어/숫자학습,20
카메라>카메라용품,20
장난감/교육완구/인형>역할놀이/소꿉놀이,20
브랜드 잡화/소품>양말,20
수입명품>명품 의류,20
신발>여성단화,20
학생/사무용가구>책상,20
뷰티소품>메이크업소품,20
생활용품>욕실인테리어,20
생활용품>욕실보수용품,20
캠핑>캠핑공구용품,20
주방용품>커팅기구,19
건강/의료>손/발관리용품,19
주방잡화>디스펜서,19
쌀/과일/농수축산물>젓갈류/액젓,19
꽃/이벤트용품>조화/가든소품,19
욕실용품>욕실보수용품,19
스포츠/레져>심판용품,19
음향기기>음향가전,19
세제/제지/일용잡화>방향/탈취/살충/방충제,19
여성의류>니트/가디건/조끼,19
낚시>낚시용품,19
운동화/스니커즈>롯데백화점 운동화관,19
구기/라켓>심판용품,19
생활·주방>방향·탈취·세제,19
노트북>액세서리,19
구기/라켓/수영/스키>수영용품,19
조명/인테리어>디퓨저,19
등산/캠핑/낚시/여행>루어/플라이 낚시,19
지갑/벨트>동전/통장 지갑,19
뷰티>바디케어,19
브랜드 가방/잡화>가방,19
헬스>기타 헬스용품,19
신선식품>버섯/나물류,19
패션잡화>손수건,19
디자인/문구/사무용품>판화/조소/공예용품,19
인테리어소품>시계,18
반려동물용품>햄스터/토끼용품,18
캠핑/낚시>낚시공구,18
유아세제/위생용품>위생/건강용품,18
생활잡화>광고/진열소품,18
완구/취미>신생아/영아완구,18
자동차용품>DIY/공구용품,18
공구/철물/산업/안전>예초기/잔디깎기,18
계절가전>냉방기기,18
카메라>렌즈용품,18
신선식품>채소,18
생활/미용가전>드라이기/고데기,18
여성의류>정장/세트,18
가방/패션잡화>머플러/스카프/숄,18
가공식품>면류,18
스포츠의류/운동화>스포츠 잡화,18
신선식품>김/해조류,18
신선식품>견과류,18
쌀/과일/농수축산물>견과류,18
캠핑/낚시>침낭/캠핑매트,18
스포츠>수영·수상레포츠,18
구기/라켓>테니스용품,18
스포츠/레저>수영,18
화장품/향수>클렌징/필링,18
장난감/완구>인형,18
쥬얼리/시계>패션시계,18
디지털/가전>노트북액세서리,18
노트북/데스크탑/태블릿>가방/쿨러/악세사리,18
가전·컴퓨터>생활가전,18
신선식품>젓갈류/액젓,18
등산/캠핑/낚시/보드>텐트/타프/그늘막,18
문방구/사무/종이>다이어리/플래너,18
쥬얼리/시계/선글라스>쥬얼리소품,18
주방잡화>수세미/세척솔,18
신선식품>건어물,18
신선식품>수산/해물류,18
조명>전구,18
식품·건강>김치·반찬·국·쿠킹박스,18
디지털/가전>네트워크장비,18
신선식품>건어물/해조류,18
유아동신발/잡화>유아동가방,18
구기/라켓>배구,17
스포츠/레저>배구,17
가구/DIY>거울,17
모니터/프린터>모니터 주변기기,17
신발>단화/플랫슈즈,17
컴퓨터 주변기기>노트북액세서리,17
식품·건강>건강·홍삼·선식,17
건강식품/다이어트>영양제/비타민/건강환,17
쥬얼리/시계>목걸이/브로치,17
사무기기/사무용지>복사용지,17
구기/라켓/스포츠>배구,17
바디/헤어>샴푸/린스/헤어케어,17
조명/인테리어>시계,17
수영/수상레저>물놀이용품,17
건강/의료용품>손/발건강관리,17
신선식품>반찬,17
쥬얼리/시계/선글라스>벽시계/알람시계,17
홈인테리어/조명>시계/벽시계/알람시계,17
가구/인테리어>거실가구,17
수산>해산물,17
여성의류>니트·가디건·조끼,17
꽃/원예/팬시/선물>판촉물/기념품/상패,17
문방구/사무/종이>전동공구,17
브랜드 신발/가방/잡화>지갑/벨트,17
강아지 간식>습식/파우치/캔,17
침구/커튼/카페트>베개/베개커버,17
언더웨어>남성 런닝,17
요가/필라테스>짐볼,17
출산/육아>유아동의류,17
언더웨어>남자 런닝,17
패션의류잡화>주니어 의류(9~17세),17
언더웨어/잠옷>남성 런닝,17
꽃/원예/원예용품>꽃/식물,17
커피/음료>차/티백/분말,17
저장장치>USB 메모리,17
홈/언더웨어>남성 런닝,17
키즈의류 (3~8세)>남녀공용의류,17
생활·주방>화장지·생리대,17
네일케어>네일리무버,16
식품>생수/음료,16
세제/방향/살충>방향제,16
브랜드 잡화>남성화,16
브랜드패션>남성의류·정장,16
장난감/교육완구/인형>봉제인형/곰인형,16
침실가구/매트리스>화장대/콘솔/거울,16
건강/의료용품>눈건강용품,16
브랜드 잡화>캐주얼화,16
문구/사무용품>판화/조소용품,16
신선식품>쌀/잡곡,16
뷰티>스킨,16
홈인테리어/조명>전구/형광등/조명용품,16
세탁용품>세탁망,16
자동차용품>안전용품,16
TV/냉장고/세탁기>음향가전,16
디자인/문구/사무용품>아크릴용품,16
PC주변기기>데이터/통신케이블,16
세탁용품>빨랫줄,16
컴퓨터부품/주변기기>네트워크장비,16
가구/홈데코>쿠션/방석,16
생활용품>시즌용품,16
여성신발>펌프스/힐,16
장난감/완구>로봇/캐릭터완구,16
바디/헤어>바디워시,16
미술/화방용품>붓,16
청소용품>테이프클리너,16
음료/과자/가공식품>라면/면류,16
신발>남성화,16
바디/헤어>제모용품,16
가공식품>즉석밥/간편조리(상온),16
스포츠 잡화>스포츠 모자,16
DIY/시공/원예/꽃배달>꽃배달/화환,16
장난감>스포츠/야외완구,16
헬스>웨이트기구,16
쌀/과일/농수축산물>해산물/어패류,16
출산/유아용품/임부복>유아위생/건강용품,16
바디/헤어/향수/미용>헤어트리트먼트/에센스,15
가구/인테리어>거울/화장대/콘솔,15
자전거/헬스/스포츠>스포츠/레저기타,15
브랜드 여성의류>카디건,15
주방가전>레인지,15
여성의류>블라우스/셔츠,15
여성의류>블라우스·셔츠,15
주방용품>제수용품,15
문구/사무용품>제도용품,15
출산·유아동>유아동잡화,15
가방/패션잡화>벨트,15
여성신발>샌들,15
남성의류>잠옷·이지웨어,15
언더웨어>남성 내의,15
침구/커튼/장식소품>벽지/시트지/리폼,15
디지털>영상·촬영장비,15
골프>골프잡화,15
문구/팬시용품>앨범/스크랩북,15
출산/유아용품/임부복>젖병세정용품,15
출산/유아용품/임부복>소독/살균용품,15
꽃/원예/원예용품>조화/가든용품,15
출산/육아>소독/살균용품,15
장난감/교육완구/인형>물놀이용품,15
출산/임부/유아용품>소독/살균용품,15
수유용품>젖병세정용품,15
완구>신생아,15
디자인/문구/사무용품>앨범/스크랩북,15
구강/면도>칫솔,15
문방구/사무/종이>앨범,15
바디/헤어/향수/미용>헤어스타일링,15
주얼리>목걸이/팬던트,15
장난감>신생아완구,15
슈즈>스포츠/운동화,15
장난감/완구>역할놀이완구,15
청소용품>욕실청소용품,15
주방용품>보온/보냉/텀블러,15
출산/유아동>수유/이유용품,15
고양이 간식>수제/캣닢/기타,15
가방/잡화>선글라스/안경테,15
육아용품>수유용품,15
브랜드 여행가방>보스턴가방,15
관상어/수족관>펌프/모터/여과용품,15
생활/욕실/수납용품>모기장/방충망,15
출산·유아동>유아목욕·스킨케어,14
음향가전>마이크,14
출산/육아>유모차,14
가공식품/즉석/간식>햄/참치/잼/통조림,14
쌀/과일/농수축산물>건어물,14
즉석/간식/가공식품>통조림/캔,14
출산/유아동>외출용품,14
여성의류>바지/레깅스,14
여성의류>레깅스,14
출산·유아동>위생·건강·세제,14
주방가전>전기레인지,14
구두/여성화/남성화>남성캐주얼화,14
세제/구강>섬유유연제,14
남성의류>바지/팬츠,14
출산/임부/유아용품>유모차,14
출산/유아동>유아목욕/스킨케어,14
외출용품>유모차용품,14
주방가전>전자저울/계량기,14
출산/육아>위생/건강용품,14
스케이트/보드>킥보드/스케이트 보드,14
출산/임부/유아용품>위생/건강용품,14
스포츠/레져>킥보드/스케이트,14
강아지 간식>비스켓/케이크,14
화장지/물티슈/생리대>화장지/물티슈,14
세제/방향/살충>섬유유연제,14
세제/화장지/구강/면도>섬유유연제/청정제,14
세제/제지/일용잡화>섬유유연제/청정제,14
관상어/수족관>수조장식/바닥재,14
강아지 용품>배변용품,14
화방용품>물감/색연필,14
브랜드 여성의류>정장,14
침구/커튼>침대/매트커버,14
휘트니스/수영>권투/격투기,14
자전거/보드>자전거 정비용품,14
쥬얼리/시계>쥬얼리소품,14
세제/구강>탈취제,14
악기/취미>현악기,14
남성신발>운동화,14
패션잡화>선글라스/안경테,14
디지털>카메라·캠코더,14
꽃/원예>꽃병,14
구기/라켓>이외 스포츠용품,14
패션잡화>선글라스·안경테,14
브랜드 여행가방>여행용 소품,14
가구·홈·데코>침실가구,14
세제/구강>칫솔,14
계절가전>해충퇴치기,14
자동차용품>모터바이크용품,14
신발>남성정장화,14
음향기기>음향재생기기,14
유아동의류/잡화/임부복>주니어 여아의류(13-18세),14
유아동의류/신발/가방>주니어의류-여아,14
애완/곤충/관상어용품>고양이사료,14
반려동물/애완용품>고양이 사료,14
고양이용품>사료,14
꽃/원예/팬시/선물>조화/인테리어/조경,14
꽃/원예>정원인테리어,14
가구/DIY>아동가구,14
침구/커튼/장식소품>쿠션/방석/소품,14
가구/DIY/시공>학생/사무용 가구,14
유아동신발/잡화>유아동잡화,14
커피/음료>커피,14
브랜드 신발/가방/잡화>여행가방,14
주방가전>믹서기/핸드블랜더,13
블랙박스/내비/자동차용품>RV/4WD용품,13
휘트니스/수영>복싱/격투기,13
주방가전>전기쿠커,13
주방가전>믹서기,13
주방/생활/이미용가전>믹서기,13
스포츠/레져>검도/격투/무술,13
화장품/미용>헤어스타일링,13
격투기/복싱>격투기,13
자전거/보드>킥보드/스케이트보드,13
자전거/인라인/오토바이>킥보드/스케이트보드,13
스포츠/레저>스케이트/보드/롤러,13
캠핑/낚시>낚시 공통장비,13
악기/취미>피아노/건반악기,13
바디/헤어>헤어염색/파마/왁스,13
디자인/문구/사무용품>수채화용품,13
생활잡화>해충퇴치 용품,13
PC주변기기>PC영상/음향기기,13
가방/패션잡화>브랜드 잡화/소품,13
여성의류>바지,13
여성의류>청바지/진,13
여성의류>바지/팬츠,13
구두/여성화/남성화>실내화/슬리퍼,13
시계/쥬얼리/선글라스>패션시계,13
건강/의료용품>마스크,13
디지털/가전>PC부품,13
조명/인테리어>시트지,13
출산/유아동>유아위생/건강/세제,13
가전·컴퓨터>건강가전,13
브랜드 쥬얼리/시계>선글라스/안경테,13
바디/헤어>바디케어/워시/제모,13
디자인/문구/사무용품>미술학용품,13
침구/커튼>커튼/블라인드,13
가공식품/즉석/간식>라면/국수/냉면/면류,13
생활/미용가전>헤어케어기기,13
즉석/간식/가공식품>고추장/장류,13
완구/취미>피규어/다이캐스트,13
가공식품>라면/면류,13
반려동물/애완용품>소동물/곤충용품,13
침구/커튼/장식소품>커튼/로만쉐이드,13
가구/인테리어>커튼/블라인드,13
침구/커튼/카페트>커튼/암막커튼/커튼봉,13
쌀/과일/농수축산물>된장/고추장/장류,13
출산/육아>유아동잡화,13
가구/DIY>소파,13
바디케어>바디슬리밍,13
커튼/블라인드>커튼소품/부자재,13
주방/생활/이미용가전>셀프바디케어,13
음향기기>스피커,13
남성의류>정장,13
가구·홈·데코>커튼·블라인드,13
장난감>학습완구,12
브랜드 잡화/소품>장갑,12
건강용품/실버/비데>물리치료용품,12
반려동물용품>조류용품,12
청소기/이미용/소형가전>청소기,12
식품>유제품/아이스크림/디저트,12
모바일/태블릿>웨어러블/스마트기기,12
가공식품/즉석/간식>두유/우유/치즈/유가공,12
장난감>감각발달완구,12
화장품/향수>색조메이크업,12
꽃/이벤트용품>식물화분,12
커피/음료>차류,12
식품>커피/차,12
뷰티>메이크업,12
침실가구>거울,12
꽃/이벤트용품>선물용꽃/조화,12
디자인/문구/사무용품>복사용지,12
문방구/사무/종이>복사지,12
반려동물용품>기타반려동물용품,12
생활/건강>냉온/찜질용품,12
문구/사무용품>도장/스탬프,12
건강/의료>온열/찜질용품,12
구기/라켓/스포츠>족구,12
자전거/헬스/스포츠>탁구,12
가구/인테리어>수납/소품장,12
가공식품>밀가루/믹스류,12
스포츠/레저>탁구,12
건강식품>영양제,12
구기/라켓/수영/스키>탁구,12
완구/취미>퍼즐/큐브/피젯토이,12
악기/취미>관악기,12
캠핑/낚시>아이스박스/쿨러,12
구기/라켓/스포츠>탁구,12
출산/유아용품/임부복>위생/건강/제균용품,12
침구>베개커버,12
건강식품>건강환/건강분말,12
구기/라켓/수영/스키>족구,12
커피/음료>커피믹스,12
악기/취미>무선/RC,12
가공식품>소스,12
스포츠/레저>족구,12
구기/라켓>족구,12
완구/취미>RC완구/부품,12
카페트/러그>매트,12
여성의류>패션소품,12
스포츠의류/운동화>스포츠화,12
공구/안전/산업용품>운반용품,12
미술/화방용품>동양화/서예용품,12
디자인/문구/사무용품>동양화/서예용품,12
구기/라켓>탁구,12
출산/유아용품/임부복>스킨케어-바스/샴푸,12
고양이 사료>건식사료,12
가구/DIY>수납장,12
화장품/향수>베이스메이크업,12
생활/욕실/수납용품>보관/리빙박스,12
헤어케어>헤어에센스,12
가구/인테리어>아동/주니어가구,12
식품·건강>채소,12
시계/쥬얼리/선글라스>안경테,12
쥬얼리/시계/선글라스>안경/선글라스소품,12
공구>예초기,12
바디/헤어>헤어에센스,12
모바일/태블릿>태블릿액세서리,12
음향기기>이어폰/헤드폰용품,12
화방용품>서예/동양화용품,11
출산/유아용품/임부복>욕조/목욕용품,11
헬스>훌라후프,11
낚시>낚시의류,11
출산/유아용품/임부복>아기띠/외출용품,11
브랜드 남성의류>니트/가디건/베스트,11
남성의류>니트/가디건/조끼,11
자동차용품>안전/편의용품,11
헬스/다이어트/보충제>다이어트/댄스,11
출산/유아용품/임부복>아기띠/망토/외출용품,11
쥬얼리/시계/선글라스>안경테,11
스포츠의류/운동화>모자,11
패션잡화>안경테,11
출산/유아용품/임부복>유아목욕용품,11
출산/육아>외출용품,11
쥬얼리/시계>안경/선글라스소품,11
디자인/문구/사무용품>광고판촉용품,11
출산/임부/유아용품>외출용품,11
패션잡화>스카프,11
가방/잡화>머플러/스카프/숄,11
주방가전>전자레인지,11
출산/육아>목욕용품,11
등산/캠핑/낚시/여행>텐트/타프/그늘막,11
주방/생활/이미용가전>업소/대용량청소기,11
손발건강용품>발관리용품,11
컴퓨터 주변기기>케이블,11
패션잡화>암워머/토시,11
스포츠/레저>요가/필라테스,11
유아목욕/스킨케어>유아목욕용품,11
청소용품>매직블럭/매직클리너,11
국내/해외화장품>피부고민/스페셜케어,11
낚시>루어낚시/바늘,11
블랙박스/내비/자동차용품>안전/편의용품,11
출산/임부/유아용품>목욕용품,11
세제/제지/일용잡화>대용량 공산품,11
출산/유아동>기저귀/교체용품,11
언더웨어/잠옷>스타킹/레깅스,11
외출용품>기저귀가방,11
가공식품>치즈/버터/유가공,11
주방용품>베이킹&포장용품,11
침구/커튼/카페트>계절침구/담요/온열매트,11
쌀/과일/농수축산물>채소/나물류,11
음료/과자/가공식품>치즈/버터/유가공품,11
즉석/간식/가공식품>치즈/버터/크림,11
캠핑/낚시>루어/플라이 낚시,11
컴퓨터부품/주변기기>모니터주변기기,11
등산/아웃도어>등산전문장비,11
뷰티소품>마사지소품,11
PC주변기기>PC케이블,10
향수/바디/헤어/미용>헤어스타일링,10
PC주변기기>USB액세서리,10
PC부품/주변기기>USB 악세사리,10
컴퓨터부품/주변기기>케이블/젠더,10
커피/음료>생수,10
모니터/프린터>모니터,10
건강식품/다이어트>다이어트/보조식품,10
바디/헤어>바디슬리밍,10
가방/잡화>벨트,10
자동차용품>자동차공기청정용품,10
커피/음료>생수/탄산수,10
건강/의료용품>마스크/방한대,10
음료/과자/가공식품>DIY식품샵,10
메이크업>페이스메이크업,10
생활/미용가전>업소용/산업용청소기,10
뷰티소품>눈썹칼,10
구기/라켓/수영/스키>학교/경기용품/취미/기타,10
가전·컴퓨터>모니터,10
향수/바디/헤어/미용>핸드&풋케어,10
바디/헤어>샴푸/린스,10
계절가전>난방기기,10
완구>인형,10
신선식품>쌀,10
채소>버섯/나물류,10
반려/애완용품>햄스터/토끼/기니피그용품,10
애완/곤충/관상어용품>기타애완동물,10
음료/과자/가공식품>탄산/청량음료,10
헤어케어>샴푸,10
커피/음료>탄산음료,10
커피/생수/음료>탄산음료,10
캠핑/낚시>바비큐용품,10
수납정리용품>리빙박스,10
모니터>모니터 주변기기,10
장난감>역할놀이/소꿉놀이,10
캠핑>타프/가림막,10
주방용품>채칼/커팅기구,10
모바일/태블릿>휴대폰촬영용품,10
공구>소형기계,10
휴대폰>휴대폰충전기,10
블랙박스/내비/카AV>내비액세서리,10
휴대폰 액세서리>휴대폰 충전기,10
건강/의료용품>재활운동용품,10
쌀/과일/농수축산물>버섯/나물류,10
수납정리용품>정리함,10
자동차용품>타이어/휠,10
골프>골프공,10
침구/커튼/카페트>쿠션/방석/대방석,10
유아동의류>신생아의류,10
쥬얼리/시계>시계,10
골프클럽/의류/용품>피팅/연습용품,10
가구/DIY>식탁/테이블,10
음향/IOT/스마트홈>음향장비,10
꽃/원예/팬시/선물>원예/화분/식물/난,10
자동차용품/스쿠터>안전/편의용품,10
세제/방향/살충>탈취제,10
과자/간식>원물간식,10
키덜트/악기/취미>관악기/현악기,10
청소용품>빗자루/쓰레받기,10
디지털/가전>모니터주변기기,10
헬스/다이어트/보충제>아령/덤벨/파워볼,10
홈패브릭/수예>쿠션,10
브랜드 신발/가방/잡화>캐쥬얼가방,10
장난감>인형,9
구기/라켓/스포츠>테니스,9
건강용품/실버/비데>건강관리용품,9
자전거/헬스/스포츠>수영/물놀이용품,9
세탁용품>빨래바구니,9
출산/육아>인형,9
생활/욕실/수납용품>계절 생활용품,9
지갑/벨트>카드/명함지갑,9
화장품/향수>에센스/앰플,9
가구/DIY>책상/책장,9
화장품/향수>스킨케어,9
장난감>물놀이/계절완구,9
생활/건강>건강관리용품,9
가방/패션잡화>패션소품,9
즉석/간식/가공식품>식용유/참기름,9
장난감/교육완구/인형>이벤트/파티용품,9
침구/커튼>공예/DIY재료,9
즉석/간식/가공식품>국수/면요리,9
음료/과자/가공식품>올리브유/오일류,9
구기/라켓/수영/스키>테니스,9
악기/취미>관악기/현악기,9
쌀/과일/농수축산물>김/해조류,9
반려동물용품>강아지집/용품,9
수입명품>명품 지갑/벨트,9
건과/견과>견과류,9
신선식품>건과/견과,9
브랜드 남성의류>조끼/베스트,9
공구/포장재/안전용품>모터/발전기,9
골프클럽/의류/용품>연습용품,9
구기/라켓>테니스,9
신선식품>견과,9
악기>현악기,9
남성의류>니트/스웨터,9
생활잡화>모기장,9
가공식품>면류/국수,9
주방용품>뚝배기,9
시계/쥬얼리/선글라스>실버쥬얼리,9
주방가전>전기그릴/팬,9
스포츠/레저>테니스,9
쌀/과일/농수축산물>김/해초류,9
남성의류>니트,9
수산>해조류,9
세제/구강>살충제/방충제,9
골프>연습용품,9
세제/방향/살충>살충/방충제,9
뷰티소품>브러쉬,9
가공식품>즉석밥,9
화장지/물티슈/생리대>화장지,9
자전거/헬스/스포츠>킥보드/에스보드,9
미러리스/DSLR/디카>렌즈액세서리,9
유아동의류/잡화/임부복>책가방/아동 가방,9
건강/의료>체중계/신장계/기타측정기,9
건강측정용품>체중계,9
네일케어>젤네일,9
반찬/젓갈>젓갈,9
소동물/가축 용품>소동물 용품,9
전동레저/인라인/킥보드>보드 용품/잡화,9
유아동의류>유아동공용의류,9
건강용품/실버/비데>건강측정용품,9
소동물용품>고슴도치용품,9
홈패브릭/수예>뜨개질,9
캠핑>취사용품,9
뷰티소품>미용가위,9
스포츠의류/운동화>마스크/스카프,9
유아동의류/신발/가방>책가방/유아동가방,9
악기>기타악기,9
생활용품>화장지/물티슈,9
생활/건강>건강측정용품,9
악기/악기용품>교재용악기,9
청소기/이미용/소형가전>안마용품,9
생활/건강>안마용품,9
세제/화장지/구강/면도>화장지/냅킨/키친타올,9
취미>마술용품,9
악기/취미/프라모델>게임/퍼즐,9
음향기기>이어폰/헤드폰,9
카메라/주변기기>렌즈용품,9
건강용품/실버/비데>안마용품,9
세제/제지/일용잡화>화장지/제지류,9
요가/필라테스>요가매트,8
장난감/교육완구/인형>음악/악기놀이,8
DVD/음반/굿즈>음반,8
브랜드 쥬얼리/시계>쥬얼리,8
여행/항공권>여행필수품,8
바디케어>바디워시,8
가구·홈·데코>카페트·매트,8
브랜드 시계>시계소품,8
구강/면도>혀클리너,8
남성의류>청바지,8
쥬얼리/시계/선글라스>시계기타,8
건강용품/실버/비데>계절건강용품,8
여성의류>시즌/테마의류,8
컴퓨터 주변기기>공유기,8
카페트/러그>러그,8
자전거/인라인/오토바이>자전거 액세서리,8
가구/인테리어>기능성의자,8
자전거>튜닝용품,8
수영/수상레저>실내수영용품,8
스포츠 잡화>슬리퍼/샌들,8
커피/생수/음료>주스/과즙음료,8
음료/과자/가공식품>주스/과즙음료,8
악기/취미>교재용악기/교본,8
건강/의료용품>기타건강관리용품,8
가구·홈·데코>주방가구,8
자전거>자전거 신발/고글/헬멧,8
꽃/원예/팬시/선물>디자인/아이디어소품,8
PC주변기기>공유기,8
컴퓨터부품/주변기기>공유기,8
악기/악기용품>관악기,8
신선식품>과일,8
생활/욕실/수납용품>단열뽁뽁이/난방텐트,8
패션잡화>스타킹,8
DIY/시공/원예/꽃배달>벽지/스티커/단열시트,8
가공식품>수산가공식품,8
헬스/다이어트/보충제>푸쉬업/악력기/만보계,8
눈건강용품>기타 관리용품,8
국내도서>중고 DVD/음반,8
바디/헤어/향수/미용>바디클렌저/세정제,8
우유/유제품>치즈,8
바디케어>풋케어,8
생활/미용가전>보풀제거기/재봉틀,8
카메라>렌즈 액세서리,8
주방용품>주방가위,8
쌀/과일/농수축산물>반찬,8
가공식품>라면,8
주방가전>가스/전기레인지,8
쌀/과일/농수축산물>반찬류,8
헤어케어>헤어스프레이,8
자전거/헬스/스포츠>골프공,8
계절가전>선풍기/냉환풍기,8
식품>반찬,8
여성의류>조끼/베스트,8
스포츠 액세서리/안전용품>보호장비,8
쌀/과일/농수축산물>쌀/찹쌀/현미,8
공구/포장재/안전용품>보험잔존물,8
식품·건강>쌀·잡곡,8
계절가전/에어컨>선풍기/써큘레이터,8
반찬/젓갈>반찬,8
세제/화장지/구강/면도>눈건강/렌즈관리용품,8
주방잡화>행주/주방타올,8
계절가전>가습기,8
계절가전>난방매트,8
계절가전>온수매트,8
생활/수납/청소/욕실>디지털도어락,8
쥬얼리/시계>브로치/배지,8
생활/건강>눈건강용품,8
계절가전>습도조절기기,8
빅사이즈/시니어의류>남성정장/비즈니스의류,7
세제/구강>주방세제,7
세제/방향/살충>주방세제,7
세제/제지/일용잡화>주방세제,7
브랜드 캐주얼의류>팬츠,7
여성의류>명품 여성의류,7
온열/찜질용품>찜질팩,7
남성의류>점퍼/야상/패딩,7
여성신발>슬리퍼,7
쌀/과일/농수축산물>닭고기,7
생활/욕실/수납용품>수전/수도꼭지,7
주방잡화>종이컵/투명컵/일회용컵,7
컴퓨터 주변기기>마우스,7
생활용품>보수용품,7
남성의류>스포츠의류/트레이닝복,7
쌀/과일/농수축산물>닭고기/계란,7
남성의류>바지·팬츠,7
홈/언더웨어>남성 팬티,7
생활/미용가전>전기면도기,7
태블릿/MP3/이어폰>PMP/전자사전/학습기,7
아동/주니어가구>책꽂이,7
음향/IOT/스마트홈>MP3,7
학생/사무/아동가구>책장/책꽂이,7
골프클럽/의류/용품>볼/장갑/모자,7
유아동의류>유아동내의/잠옷,7
신선식품>정육/계란,7
가구/인테리어>책장/책꽂이,7
주방잡화>빨대,7
가구/DIY>책상소품,7
브랜드 남성의류>정장/슈트,7
언더웨어/잠옷>남성 팬티,7
국내/해외화장품>베이스스킨케어,7
주방/생활/이미용가전>전기면도기,7
이미용가전>전기면도기,7
세제/화장지/구강/면도>세탁세제/세탁보조제,7
음향가전>MP3액세서리,7
스포츠/레저>권투,7
유아동잡화>남아잡화,7
세탁용품>빨래건조대,7
생활잡화>신발용품,7
골프클럽/의류/용품>파크골프,7
디자인/문구/사무용품>드로잉용품,7
등산/캠핑/낚시/여행>민물/중층/내림낚시,7
주방/생활/이미용가전>전기레인지,7
건강식품/다이어트>생식/선식/미숫가루,7
주방가전>전기레인지/인덕션,7
헬스>헬스사이클,7
헬스/다이어트/보충제>헬스사이클,7
자전거/인라인/오토바이>오일/공구/펌프/패치,7
컴퓨터 주변기기>헤드셋,7
자전거>자전거관리용품,7
생활/욕실/수납용품>빨래건조대,7
세탁용품>빨래집게,7
출산/유아용품/임부복>출산준비물,7
키덜트/악기/취미>스타샵,7
생활/미용가전>제모기,7
키덜트/악기/취미>교재용악기,7
완구/취미>인형,7
생활잡화>핸드카트/장바구니,7
카메라>가방/케이스,7
침구/커튼/카페트>침구세트/이불베개세트,7
남성신발>슬립온,7
계절가전>선풍기,7
스포츠/레져>스포츠 신발,7
신발>아쿠아슈즈/쪼리,7
여성신발>운동화,7
냉난방/청정/제습가전>선풍기,7
구기/라켓/스포츠>권투/검도/태권도,7
구기/라켓/수영/스키>복싱/격투기,7
티켓/공연/굿즈>굿즈,7
캠핑/낚시>텐트/타프용 소품,7
공구/철물/산업/안전>소방/실외/도로,7
홈패브릭/수예>원단,7
커피/음료>커피/코코아,7
브랜드 캐주얼의류>자켓/점퍼/코트,7
브랜드 여성의류>바지/팬츠,7
음료/과자/가공식품>커피/코코아,7
커피/생수/음료>커피,7
애완/곤충/관상어용품>곤충사육용품,7
주방가전>커피머신/메이커,7
유아동잡화>여아잡화,7
스포츠/레저>오토바이/스쿠터,7
디지털/가전>멀티미디어장비,7
자동차용품>편의용품,7
자전거/헬스/스포츠>권투/검도/태권도,7
안전/보안용품>소화기/재난용품,7
캠핑/낚시>낚시 공구,7
언더웨어>보정속옷,7
계절가전/에어컨>여름가전,7
자동차용품>오토바이 용품,7
악기/취미/프라모델>수집/용품,7
디자인/문구/사무용품>스타방송상품,7
음반/DVD>굿즈/스타샵,7
안마용품>기타 안마용품,7
냉난방/청정/제습가전>해충퇴치기,7
장난감/교육완구/인형>무선모형/RC완구,7
자동차용품/스쿠터>모터싸이클/용품,7
자동차>오토바이·스쿠터,7
자동차용품>오토바이/용품,7
계절가전>모기/해충퇴치기,7
디지털/가전>영상가전,6
휴대폰/스마트폰>보호필름/스티커,6
쥬얼리/시계/선글라스>반지,6
가구/DIY/시공>유아 어린이 가구,6
가전/디지털>TV/영상가전,6
스포츠의류/트레이닝>스포츠소품,6
가구·홈·데코>아동·학생가구,6
청소용품>분리수거함,6
영상가전>프로젝터 액세서리,6
가공식품>잼/시럽,6
저장장치>이동식메모리,6
쌀/과일/농수축산물>생선류,6
헬스/다이어트/보충제>요가/필라테스,6
공구/안전/산업용품>운반/하역,6
공구/포장재/안전용품>운반/이동기구,6
공구/철물/산업/안전>운반기계,6
가방/잡화>머플러,6
신선식품>잡곡/혼합곡,6
주방용품>커피잔/찻잔,6
신선식품>생선,6
스포츠의류/운동화>런닝화/운동화,6
컴퓨터부품/주변기기>마우스,6
화방용품>목탄/파스텔,6
패션잡화>넥워머,6
악기/취미>기타(Guitar),6
여성신발>로퍼,6
출산·유아동>출산준비·돌·선물,6
가공식품>떡,6
축산>닭고기,6
구강/면도>코털제거,6
건강식품>홍삼/인삼,6
즉석/간식/가공식품>밀가루/믹스류/전분,6
가공식품>밀가루/홈베이킹/믹스,6
물티슈>물티슈 기타,6
PC주변기기>마우스,6
출산/유아용품/임부복>유아가구,6
휴대폰/스마트폰>웨어러블 디바이스,6
스마트기기>기타 웨어러블,6
건강식품>한방재료,6
식품·건강>정육·계란류,6
학생/사무/아동가구>아동/주니어가구,6
아동/주니어가구>책상,6
자동차용품>자동차필터/소모품,6
커피/음료>우유/두유,6
쥬얼리/시계>가발,6
골프클럽/의류/용품>골프백,6
신선식품>닭고기/계란,6
건강식품/다이어트>홍삼/인삼,6
문구/팬시용품>명함/상장/트로피,6
디자인/문구/사무용품>명함/상장/상패,6
고양이 간식>육포/져키/트릿,6
자동차용품>자동차부품/튜닝용품,6
영상가전>영상플레이어,6
꽃/원예>화분,6
자전거/보드/기타레저>자전거부품,6
쥬얼리/시계/선글라스>패션시계,6
스포츠>스포츠의류,6
건강식품>건강환/분말,6
학생/사무/아동가구>의자,6
쥬얼리/시계>예물/다이아몬드,6
쥬얼리/시계>쥬얼리 세트/용품,6
문방구/사무/종이>문구세트,6
캠핑/낚시>캠핑 식기/조리도구,6
완구/취미>역할놀이,6
오토바이/스쿠터>오토바이부품,6
가공식품/즉석/간식>초코렛/사탕/껌,6
과자/간식>초콜릿/사탕/젤리/껌,6
음향가전>스피커,6
음향/IOT/스마트홈>스피커,6
계절가전>핸디/휴대용 선풍기,6
자동차용품>전기용품,6
자동차용품>자동차관리용품,6
컴퓨터 주변기기>네트워크장비,6
골프클럽/의류/용품>장갑/모자/벨트,6
주방잡화>쓰레기봉투,6
악기/취미>악기용품,6
문구/팬시용품>스탬프/도장,6
취미>무선/RC,6
여성의류>테마의상,6
거실/주방/수납가구>주방가구,6
악기>국악기,6
완구/취미>물놀이/계절완구,6
국내/해외화장품>클렌징/필링젤/스크럽,6
스포츠/레저>보호용품,6
화장품/미용>클렌징,6
화장품>클렌징/필링,6
커피/생수/음료>차류,6
음료/과자/가공식품>녹차/차음료/전통차,6
화장지>화장지케이스,6
브랜드 잡화/소품>머플러,6
자전거/인라인/오토바이>오토바이/스쿠터,6
장난감/교육완구/인형>원목교구/가베,6
세제/구강>세탁세제/보조제,6
스포츠/레져>기타스포츠,6
화장지>롤화장지,6
악기/취미/프라모델>RC/무선조종,6
손발건강용품>발지압/발매트,6
세제/방향/살충>세탁세제,6
세제/제지/일용잡화>세탁세제,6
화방용품>스케치북,6
장난감/완구>음악/악기놀이,6
문방구/사무/종이>제도/디자인용품,6
침구/커튼/장식소품>스탠드,6
디지털>태블릿,6
유아동신발/가방/잡화>아동 외출/여행가방,6
홈인테리어/조명>스탠드/독서등,6
생활용품>방충용품,6
자동차용품/스쿠터>배터리/전기용품,6
장난감/완구>신생아/영유아완구,6
마스크>KF인증마스크,6
주방가전>에스프레소머신,6
자동차용품>자동차전기/장치,6
구기/라켓>당구용품,6
즉석/간식/가공식품>설탕/소금,6
블랙박스/내비/자동차용품>전기/전장용품,6
가구/DIY>서랍장,6
신발>남성캐주얼화,6
가구/인테리어>서랍장,6
골프>골프용품기타,6
스포츠 의류>여성 트레이닝복,6
남성가방>숄더백,6
건강/의료>마스크,6
생활/건강>재활운동용품,5
건강용품/실버/비데>재활의료용품,5
헬스>부위별 운동기구,5
휴대폰>휴대폰촬영용품,5
청소기/이미용/소형가전>가정용 건강가전,5
뷰티소품>퍼프,5
이미용가전>눈썹정리기,5
건강/의료용품>보호대/교정용품,5
음향기기>확성기,5
유아동의류/신발/가방>신발/운동화/구두,5
PC부품/주변기기>PC부품,5
침구>베개,5
태블릿>태블릿 주변기기,5
수입명품>명품 슈즈/패션잡화,5
꽃/원예>화분영양제/비료,5
가구/인테리어>소파,5
거실/주방/수납가구>소파,5
거실가구>소파,5
침구/커튼/장식소품>기능성침구/라텍스,5
주방/수입주방>보온/보냉,5
타이어/오일/부품>튜닝용품,5
침실가구>장롱/붙박이장,5
브랜드 지갑/벨트>남성벨트,5
쥬얼리/시계>반지,5
이미용가전>기타 미용가전,5
구강/면도>치실/치간칫솔,5
브랜드 잡화/소품>모자,5
구기/라켓>축구의류,5
자동차용품>차량용 액세서리,5
출산/돌기념품>출산준비패키지,5
유아동의류/잡화/임부복>신생아 의류(12개월이하),5
출산/육아>신생아의류,5
브랜드 아동패션>브랜드 신생아의류,5
노트북/데스크탑/태블릿>태블릿 액세서리,5
태블릿>태블릿 액세서리,5
온열/찜질용품>찜질기,5
여성의류>패딩/점퍼/야상,5
여성의류>점퍼,5
브랜드 여성의류>야상/점퍼/패딩,5
주방가구>식탁의자,5
가전·컴퓨터>저장장치,5
가구/인테리어>식탁,5
디지털/가전>저장장치,5
클렌징/필링>클렌징비누,5
바디케어>제모/왁싱,5
향수/바디/헤어/미용>제모용품/데오드란트,5
여성의류>테마,5
바디/헤어/향수/미용>다이어트/제모/데오드란트,5
PC부품/주변기기/저장장치>저장장치/USB,5
음료/과자/가공식품>생수/탄산수,5
생활잡화>우의,5
커피/생수/음료>생수,5
음향기기>스피커용품,5
수입명품>벨트,5
여성의류>점퍼/야상,5
거실/주방/수납가구>식탁,5
미술/화방용품>제도 용품,5
세탁용품>세탁볼,5
세제/방향/살충>제습제,5
디자인/문구/사무용품>제도용품,5
세제/구강>제습/제설제,5
남성신발>정장구두,5
구두/여성화/남성화>남성정장구두,5
바디/헤어/향수/미용>바디로션/핸드/풋케어,5
자동차용품>방향제/공기청정,5
언더웨어/잠옷>체형보정웨어,5
수산>건어물,5
침구>침구세트,5
가구/DIY>거실테이블,5
자전거/인라인/오토바이>자전거 캐리어/트레이너,5
자전거/보드>거치대/트레일러,5
곡물>쌀,5
컴퓨터 주변기기>스위칭허브,4
패션잡화>선글라스,4
악기/취미>광학기기,4
카메라>카메라조명용품,4
쌀/과일/농수축산물>수산가공식품,4
마스크>마스크 용품,4
쥬얼리/시계>선글라스,4
PC주변기기>키보드,4
조명/인테리어>스탠드조명,4
장난감/완구>원목교구/가베,4
취미>수집용품,4
언더웨어>속옷 소품,4
브랜드 신발/가방/잡화>남성화,4
세탁용품>기타 세탁용품,4
가공식품>빙과류,4
자전거/인라인/오토바이>자전거 헬멧/배낭,4
쌀/과일/농수축산물>오리고기/기타,4
조류용품>기타 조류용품,4
구기/라켓>축구화,4
자동차용품/스쿠터>튜닝용품,4
컴퓨터부품/주변기기>키보드/세트,4
건강식품/다이어트>개별인정/건강식품,4
홈/언더웨어>아동/주니어 속옷,4
화장품/미용>색조메이크업,4
여성의류>한복,4
남성신발>모카신,4
PC부품/주변기기>스피커/이어폰,4
조명/인테리어>데코 스티커,4
악기/취미/프라모델>건담,4
침구>침대/매트커버,4
주방잡화>음식물쓰레기통,4
침구/커튼>침구세트,4
침구>요/토퍼,4
자동차용품>자동차오일/첨가제,4
거실/주방/수납가구>거실가구,4
주방가전>토스터기,4
바디/헤어/향수/미용>이미용/위생용품,4
이미용가전>피부관리기,4
주얼리>브로치/배지,4
타이어/오일/부품>전기/전장용품,4
등산/아웃도어>남성등산의류,4
실버용품>환자용 배변용품,4
가공식품>한과/전통과자,4
남성신발>슬리퍼,4
국내/해외화장품>색조메이크업,4
출산/육아>유아동언더웨어/잠옷,4
휴대폰 액세서리>셀카봉,4
브랜드 아동패션>브랜드 아동내의,4
건강식품/홍삼/다이어트>비타민,4
가구/DIY>야외가구,4
가구/DIY>침대/매트리스,4
건강식품>개별인정/건강식품,4
애완/곤충/관상어용품>조류용품,4
반려/애완용품>조류용품,4
소동물/가축 용품>곤충/애완동물 용품,4
악기/악기용품>피아노/건반악기,4
청소용품>먼지떨이,4
악기/취미>기타악기/교본,4
자동차용품>타이어,4
주방/생활/이미용가전>다리미용품,4
건강/의료용품>비데,4
건강/의료용품>건강가전,4
PC주변기기>PC부품,4
화방용품>조소/조각/도예용품,4
생활잡화>문풍지/틈막이,4
브랜드 시계/쥬얼리>헤어악세사리,4
음료/과자/가공식품>초콜릿,4
출산/유아용품/임부복>보행기/부스터/바운서,4
즉석/간식/가공식품>라면/컵라면,4
음료/과자/가공식품>식자재도매/대용량,4
전동레저/인라인/킥보드>스케이트보드,4
헬스/다이어트/보충제>승마/복근/기타,4
조명/인테리어>인테리어스탠드,4
인테리어소품>스탠드,4
여성의류>테마·시즌의류,4
블랙박스/내비/카AV>카오디오음향기기,4
생활/미용가전>구강청정기기,4
수납가구>신발장,4
청소기/이미용/소형가전>다리미/미싱/보풀제거,4
신선식품>김치,4
문구/사무용품>동양화/서예용품,4
장난감/교육완구/인형>자전거/씽씽이/킥보드,4
계절가전>온풍기,4
가구/홈데코>인테리어자재,4
생필품>생리대/성인기저귀,4
쌀/과일/농수축산물>김치,4
카메라/주변기기>캠코더용품,4
여성의류>니트,4
남성의류>테마·시즌의류,4
계절가전/에어컨>난방가전,4
여성의류>정장,4
악기/취미>국악기,4
침실가구>서랍장,4
여성의류>자켓/코트,4
주방가전>전기포트/쿠커/토스터,4
건강식품>다이어트식품,4
주방용품>식기건조대,4
커피/음료>차음료/전통음료,4
자전거/인라인/오토바이>안장/핸들바/휠셋/구동계,4
계절가전/에어컨>전기매트/요,4
계절가전>가습기/가습용품,4
냉난방/청정/제습가전>가습기,4
PC주변기기>변환/전원케이블,4
냉난방/청정/제습가전>전기매트,4
음료/과자/가공식품>즉석/카레/덮밥,4
생활/욕실/수납용품>업소용품,4
디지털/가전>이미용가전,4
가구/홈데코>금고,4
노트북/데스크탑>노트북주변기기,4
건강/의료>물리치료용품,4
자전거/보드>보드/스키용품,4
스포츠/레저>기타스포츠용품,4
청소기/이미용/소형가전>드라이기/고데기,4
침구/커튼>아동침구,4
주방잡화>위생장갑,4
바디케어>비누,4
재활운동용품>자세교정용품,4
쌀/과일/농수축산물>쌀,4
반려동물용품>관상어사료,4
가전·컴퓨터>이미용가전,4
브랜드 잡화>캐주얼가방,4
건강식품/홍삼/다이어트>건강분말,4
건강식품>인삼/한방재료,4
건강식품>생식/선식/미숫가루,4
태블릿/MP3/이어폰>태블릿 액세서리,4
스포츠/레저>당구용품,3
컴퓨터부품/주변기기>쿨러,3
악기/악기용품>악기소품,3
자전거/헬스/스포츠>당구,3
구기/라켓>당구,3
등산/아웃도어>등산배낭,3
청소기/이미용/소형가전>전화기/통신기기,3
등산/아웃도어>등산화/트레킹화,3
바디/헤어>핸드풋케어,3
건강식품>건강즙,3
악기/취미>악기소품/케이스/장비,3
구기/라켓/스포츠>당구/포켓볼,3
등산/캠핑/낚시/보드>등산배낭,3
등산/아웃도어>등산배낭/가방,3
계절가전>에어컨,3
건강식품/다이어트>과즙/건강즙,3
언더웨어/잠옷>속바지/나시,3
침구/커튼/카페트>디자인 침구/커튼,3
곡물>잡곡/혼합곡,3
수납정리용품>옷커버,3
캠핑/낚시>바다낚시 용품,3
생활/미용가전>핸디/소형청소기,3
공구/포장재/안전용품>설비공구,3
수산>생선류,3
자동차용품>엔진용품,3
공구>배관공구,3
주방/생활/이미용가전>핸디형청소기,3
주방가전>식품제조기,3
디자인/문구/사무용품>도장/인주,3
노트북/PC>노트북 주변기기,3
구기/라켓/수영/스키>당구,3
브랜드 잡화/소품>스타킹,3
주방용품/수입주방>제수용품,3
골프클럽/의류/용품>골프가방,3
저장장치/메모리>USB 메모리,3
건강식품/홍삼/다이어트>다이어트식품,3
지갑/벨트>머니클립,3
바디/헤어>트리트먼트,3
출산/육아>출산/돌기념품,3
헤어케어>트리트먼트,3
건강식품>한방재료/약용버섯,3
청소용품>걸레,3
유아동신발/가방/잡화>아동 우비/우산/장화,3
유아동의류/신발/가방>신생아의류,3
유아동의류/잡화/임부복>우산우의장화/테마/발레,3
건강식품/다이어트>한방재료/약용버섯,3
장난감/교육완구/인형>피규어,3
악기/취미/프라모델>피규어/캐릭터,3
건강식품/홍삼/다이어트>한방재료,3
취미>피규어/캐릭터,3
카메라>일반카메라,3
음향/IOT/스마트홈>블루투스,3
미러리스/DSLR/디카>디지털캠코더/액션캠,3
악기>건반악기,3
키덜트/악기/취미>피아노/건반악기,3
수납가구>수납장,3
저장장치/메모리>USB메모리,3
구두/여성화/남성화>브랜드 남성신발,3
등산/캠핑/낚시/보드>낚시의류/신발,3
시계/쥬얼리/선글라스>순금,3
메이크업>바디메이크업,3
향수/바디/헤어/미용>바디슬리밍/다이어트/태닝,3
이미용소품/기기>타투스티커,3
패션잡화>가발,3
향수/바디/헤어/미용>가발/붙임머리,3
거실가구>테이블,3
생활/미용가전>보풀제거기,3
반려동물용품>수조장식품,3
관상어/수족관>수조/어항,3
헤어케어>염색약,3
향수/바디/헤어/미용>헤어컬러/염색약/파마약,3
등산/아웃도어>등산스틱,3
바디/헤어>염색약,3
캠핑/낚시>버너/토치/연료,3
음향기기>일반스피커,3
PC주변기기>영상사운드카드,3
유아동신발/가방/잡화>아동 책가방,3
건강/의료용품>호흡/수면 건강관리,3
건강/의료>호흡기/수면관리용품,3
스포츠의류/트레이닝>스포츠의류/스포츠화기타,3
출산/육아>유아동 주얼리,3
생활가전>보풀제거기,3
반려동물용품>고양이 캣타워,3
블랙박스/내비/자동차용품>타이어/휠,3
화장품>아이메이크업,3
음향기기>이어폰/헤드폰액세서리,3
출산/육아>유아스킨/바디케어,3
미술/화방용품>조소/판화 용품,3
자전거/보드>자전거 라이트,3
미러리스/DSLR/디카>가방/케이스,3
카메라/주변기기>카메라가방/케이스,3
강아지용품>유모차,3
PC주변기기>PC헤드셋/마이크,3
청소기/이미용/소형가전>피부관리기,3
컴퓨터부품/주변기기>헤드셋/이어셋,3
건강식품/홍삼/다이어트>홍삼/인삼,3
출산/유아용품/임부복>유아발육용품,3
장난감/교육완구/인형>신생아/영유아완구,3
출산/육아>임부복,3
주방용품>교자상/밥상/상커버,3
주방잡화>기타 일회용품/위생소품,3
침구/커튼>솜,3
주니어의류 (9~14세)>여아속옷/언더웨어,3
장난감>음악/악기놀이,3
전통식품>전통떡,3
여성의류>스커트,3
여성의류>스커트/치마,3
유아동의류/신발/가방>내의/속옷/잠옷,3
육아용품>임산부/출산용품,3
즉석/간식/가공식품>떡,3
여성의류>세트(SET),3
브랜드 진/캐주얼의류>원피스/스커트,3
스포츠 잡화>스포츠가방,3
브랜드 쥬얼리/시계>목걸이/브로치,3
디자인/문구/사무용품>스탬프/잉크,3
인테리어소품>디퓨저,3
즉석/간식/가공식품>잼/시럽,3
가공식품>시럽/조청,3
메이크업>아이 메이크업,3
타이어/오일/부품>휠/타이어관리,3
자동차용품/스쿠터>타이어/휠,3
홈패브릭/수예>방석,3
장난감>신생아/영유아완구,3
패션의류잡화>베이비 의류/신발/잡화(~24개월),3
태블릿/MP3/이어폰>MP3액세서리,3
출산/육아>임산부용품,3
스포츠>아웃도어 패션,3
반려동물용품>수질관리/청소기구,3
DIY자재/용품>반제품,3
디지털/휴대폰/카메라>동영상,3
관상어 용품>수조 청소용품,3
유아동의류/잡화/임부복>유아동 공용 의류(5-13세),3
주방/생활/이미용가전>전기그릴/팬/냄비,3
주방가전>전기오븐/그릴,3
주방가전>전기그릴/전기팬,3
주방/수입주방>제수용품,3
주방용품>쌀통/잡곡통,3
주방가전>냉장고/냉동고,3
우유/유제품>버터/생크림/유가공품,3
가공식품>컵라면,3
요가/필라테스>폼롤러,3
유아동의류/신발/가방>아동의류-공용,3
휘트니스/수영>마라톤/육상,3
유아동의류/신발/가방>수영복/물놀이용품,3
취미/수집/파티용품>수집/마술용품,3
생활잡화>에어캡/방풍비닐,3
브랜드 여성가방>클러치백,3
브랜드 신발/가방/잡화>여성가방,3
악기/취미/프라모델>국내화폐,3
즉석/간식/가공식품>어묵/맛살/햄,3
여성가방>가방액세서리,3
쥬얼리/시계/선글라스>브로치/배지,3
주방가전>전기그릴,3
캠핑/낚시>바다낚시용품,2
바디/헤어>바디보습,2
브랜드 진/캐주얼의류>팬츠,2
자동차용품>자동차배터리,2
여성신발>슬립온,2
골프>남성골프의류,2
남성의류>브랜드 남성의류,2
주방가구>주방수납장,2
유아동신발/가방/잡화>아동 모자,2
뷰티소품>기름종이,2
저장장치>PC저장장치,2
저장장치>저장장치용품,2
브랜드 남성의류>바지/팬츠,2
헤어케어>헤어젤,2
브랜드 시계>브랜드 아동시계,2
냉난방/청정/제습가전>온풍기,2
브랜드 시계/쥬얼리>시계,2
출산/유아용품/임부복>출산/돌기념품,2
계절가전>온풍기/돈풍기,2
운동화/스니커즈>패션 운동화,2
음향기기>홈시어터,2
헤어케어>탈모/두피관리제,2
식품>김치,2
카메라/주변기기>배터리/충전기,2
김치>별미김치,2
자전거/보드/기타레저>서바이벌게임,2
주방가전>업소용가전,2
주방가전>기타 주방가전,2
자동차용품>자동차안전/편의용품,2
건강/의료용품>두피/모발건강관리,2
신발>컴포트화,2
요가/필라테스>요가/필라테스용품,2
카메라>건전지/충전지,2
모바일/태블릿>충전케이블/젠더,2
브랜드 여행가방>여권케이스,2
브랜드 여성의류>자켓/베스트,2
음향기기>카세트/CDP,2
여성의류>조끼,2
TV/냉장고/세탁기>카세트/CDP,2
음향/IOT/스마트홈>카세트/라디오/CDP,2
음향기기>블루투스스피커,2
태블릿/MP3/이어폰>스피커,2
휴대폰 액세서리>배터리,2
블랙박스/내비/카AV>블랙박스액세서리,2
모니터/프린터>복합기,2
주방가전>간식메이커,2
뷰티소품>속눈썹뷰러,2
쥬얼리/시계>반지/커플링,2
주얼리>반지,2
실버용품>보행보조용품,2
생활/미용가전>다리미,2
수납정리용품>압축팩,2
출산/육아>유아구강용품,2
카메라>CCTV,2
생활/욕실/수납용품>디지털도어락,2
컴퓨터 주변기기>키보드,2
휴대폰>휴대폰배터리,2
미러리스/DSLR/디카>CCTV/감시카메라,2
카메라/드론/VR/360>보안/감시카메라,2
건강/의료용품>눈건강/렌즈관리용품,2
휘트니스/수영>요가복/필라테스복,2
브랜드패션>시계·쥬얼리,2
쥬얼리/시계/선글라스>14K/18K쥬얼리,2
쥬얼리/시계/선글라스>유아동주얼리,2
쥬얼리/시계>쥬얼리세트,2
세제/제지/일용잡화>면도/제모/위생용품,2
전기/산업자재>건축/산업용자재,2
캠핑/낚시>민물낚시용품,2
건강식품/홍삼/다이어트>영양제,2
출산·유아동>유아동침구·가구,2
건강식품/다이어트>건강즙/자양강장/숙취해소,2
캠핑>캠핑의자,2
브랜드 신발/가방/잡화>남성가방,2
남성가방>서류가방,2
가방/잡화>남성가방,2
건강식품>홍삼,2
타이어/오일/부품>엔진오일/첨가제/필터,2
자동차용품/스쿠터>엔진용품,2
식품>아이스크림/빙수,2
출산/유아용품/임부복>유아침구,2
출산/육아>유아침구,2
출산/임부/유아용품>유아침구,2
블랙박스/내비/자동차용품>오일관리/첨가제,2
자동차용품>차량용튜닝용품,2
악기/취미/프라모델>키보드/신디사이저,2
침실가구>협탁,2
e쿠폰/상품권>아이스크림/빙수,2
즉석/간식/가공식품>아이스크림/빙수,2
화장지/물티슈/생리대>생리대/성인기저귀,2
디자인/문구/사무용품>유화용품,2
음료/과자/가공식품>사탕/엿/껌/젤리,2
가구/DIY>야외용가구,2
음향가전>헤드폰,2
브랜드 여성의류>테마/수영복/한복/파티복,2
유아동의류>아동한복/장신구,2
고양이 사료>습식 및 기타사료,2
화방용품>유화용품,2
주방가전>정수기,2
안마용품>핸드형 안마기,2
생활/미용가전>중고 소형가전,2
이미용가전>헤어스타일러,2
이미용가전>헤어롤,2
신선식품>기타축산물,2
화장지>키친타월,2
건강식품>건강환,2
자동차용품>오일/정비/소모품,2
가공식품>설탕,2
생활용품>생리대/성인기저귀,2
남성의류>조끼/베스트,2
음향/IOT/스마트홈>이어폰/헤드폰/액세서리,2
침실가구>매트리스,2
침실가구/매트리스>침대/매트리스,2
가구/인테리어>침대/매트리스,2
가구/DIY>매트리스,2
휴대폰/스마트폰>이어폰/스피커,2
계절가전>보일러,2
캠핑/낚시>캠핑난로/난방,2
출산/육아>이유식/유아간식,2
쥬얼리/시계/선글라스>선글라스,2
쌀/과일/농수축산물>잡곡/혼합곡,2
쌀/과일/농수축산물>혼합곡/잡곡류,2
식품·건강>다이어트·헬스,2
국내도서>인문/사회과학,2
다이어트식품>다이어트보조식,2
식품>다이어트식품,2
다이어트식품>다이어트 보조식품,2
시계/쥬얼리/선글라스>선글라스,2
등산/캠핑/낚시/보드>남성등산의류,2
캠핑/낚시>의자/해먹/야전침대,2
쌀/과일/농수축산물>고구마/감자/뿌리채소,2
골프>여성골프의류,2
냉난방/청정/제습가전>보일러,2
도서/음반/DVD>초등학습/참고서,2
쌀/과일/농수축산물>양념류,2
계절가전>냉풍기,2
도서/음반>초등참고서,2
PC주변기기>영상/음향케이블,2
뷰티>남성화장품,2
홈/언더웨어>언더웨어 소품,2
등산/아웃도어>남성등산복,2
신선식품>열매채소,2
스포츠의류/잡화>아웃도어의류,2
쌀/과일/농수축산물>찹쌀/현미/보리,2
온열/찜질용품>핫팩,2
여성의류>재킷,2
언더웨어/잠옷>속옷소품/기타,2
청소기/이미용/소형가전>전동칫솔/구강세정기,2
남성의류>아우터,2
출산·유아동>임부패션,2
취미>망원경,2
육아용품>스킨케어,2
키덜트/악기/취미>국악기,2
악기/악기용품>국악기,2
수입명품>명품 남성가방,2
카메라>영상촬영장비,2
미러리스/DSLR/디카>스튜디오/영상장비,2
컴퓨터 주변기기>마우스/키보드 세트,2
헬스/다이어트/보충제>홈짐/벤치/철봉,2
남성가방>토트백,2
쥬얼리/시계/선글라스>아동용쥬얼리,2
식품·건강>과일,2
쌀/과일/농수축산물>과일,2
자전거/보드>자전거 핸들/안장부품,2
유아동의류>유아동스포츠의류,2
생활/미용가전>진공청소기,2
주방/생활/이미용가전>진공청소기,2
언더웨어>보정 속옷,2
출산/유아용품/임부복>스킨/바디용품,2
주방가전>가스레인지,2
취미/수집/파티용품>교육/놀이/인형,2
장난감/교육완구/인형>승용완구,2
건강/의료용품>정수기,2
완구>공간/대형,2
언더웨어/잠옷>여성 보정속옷,2
구강/면도>여행용세트,2
음향기기>블루투스이어폰,2
휴대폰/스마트폰>블루투스,2
장난감/완구>승용완구,2
자전거/보드/기타레저>자전거의류/잡화,2
출산/육아>스킨/바디용품,2
가구/DIY>책상,2
가구/인테리어>책상/컴퓨터책상,2
학생/사무/아동가구>책상,2
유아목욕/스킨케어>유아스킨/바디용품,2
골프>골프클럽,2
유아동의류/잡화/임부복>모자/양말/시계/잡화,2
출산/임부/유아용품>스킨/바디용품,2
등산/아웃도어>등산양말,2
구두/여성화/남성화>토오픈/오픈슈즈,2
디지털/가전>광학기기/용품,2
생활/미용가전>청소기용품,2
신선식품>뿌리채소,2
출산/육아>놀이방매트,2
가구/인테리어>아웃도어가구,2
가구/인테리어>라탄/철재/아웃도어가구,2
PC부품/주변기기/저장장치>PC부품,2
악기/악기용품>기타,2
악기/취미/프라모델>기타(guitar),2
키덜트/악기/취미>기타(guitar),2
남성의류>정장/슈트,2
이미용가전>제모기,2
카메라>헬리캠/드론,2
악기>기타(guitar),2
네일케어>매니큐어,2
조명/인테리어>학습용스탠드,2
바디케어>핸드크림,2
즉석/간식/가공식품>캔디/껌/젤리,2
가방/패션잡화>백팩/캐주얼가방,2
아웃도어가구>야외용의자,2
커피/음료>커피음료/핫초코,2
브랜드 시계>브랜드 남성시계,2
렌탈 서비스>비데 렌탈,2
생활/욕실/수납용품>욕조,2
골프>골프피팅,2
악기/취미>망원경/현미경/쌍안경,2
대형가전>냉장고,2
장난감/교육완구/인형>캐릭터/패션인형,2
출산/유아용품/임부복>놀이방매트,2
카메라>삼각대용품,2
등산/캠핑/낚시/여행>가스/연료/장작,2
브랜드 캐주얼의류>니트/가디건,2
브랜드 여성의류>니트/스웨터,2
생활가전>비데,2
즉석/간식/가공식품>한과/전통과자,2
전통식품>전통과자/한과,2
건강용품/실버/비데>비데,2
저장장치/메모리>내장SSD,1
음향가전>이어폰,1
완구/취미>승용완구,1
저장장치/메모리>외장SSD,1
저장장치>SSD,1
주방/생활/이미용가전>정수기,1
저장장치/메모리>저장장치 주변기기,1
자전거/헬스/스포츠>라켓스포츠화/의류,1
침구>솜,1
요가/필라테스>요가복,1
자전거/헬스/스포츠>헬스/다이어트의류,1
홈인테리어/조명>홈갤러리/명화/팝아트,1
주방/생활/이미용가전>홈메이드가전,1
골프>골프장갑,1
쌀/과일/농수축산물>국내산과일,1
과일>국산과일,1
골프>골프피팅용품,1
출산/임부/유아용품>유아가구,1
유아안전/실내용품>놀이방매트,1
TV/세탁기/냉장고>아웃도어 캠핑가전,1
저장장치>저장장치 주변기기,1
자동차용품>비상/안전/차량가전,1
여행/숙박/항공>여행용품,1
브랜드 아동패션>브랜드 가방/책가방,1
낚시>낚시화,1
음향가전>CD플레이어,1
태블릿/MP3/이어폰>이어폰,1
공구/포장재/안전용품>소형기계,1
미러리스/DSLR/디카>DSLR액세서리,1
장난감>작동/조립완구,1
남성화장품>남성메이크업,1
언더웨어>속옷 악세사리,1
카메라/주변기기>촬영장비,1
출산·유아동>임부·태교용품,1
카메라>캠코더,1
세탁용품>다림질용품,1
디지털/가전>태블릿PC액세서리,1
카메라/주변기기>삼각대/짐벌,1
미러리스/DSLR/디카>삼각대,1
카메라>삼각대/헤드,1
PC부품>CPU,1
컴퓨터부품/주변기기>메인보드,1
가구/DIY/시공>시공/리모델링,1
PC주변기기>메인보드,1
홈/언더웨어>스타킹/양말/덧신,1
자전거/인라인/오토바이>오토바이 용품,1
주방용품>전자레인지/오븐용기,1
건강식품>과즙/건강즙,1
건강식품/홍삼/다이어트>건강즙,1
자전거/보드>자전거 바구니/가방,1
장난감>캐릭터카드/딱지,1
등산/캠핑/낚시/보드>등산화,1
등산/캠핑/낚시/여행>등산/릿지/트레킹화,1
건강용품/실버/비데>병원/전문의료용품,1
생활/욕실/수납용품>다리미판,1
장난감/교육완구/인형>캐릭터카드/딱지,1
청소용품>회전탈수 밀대,1
휘트니스/수영>운동측정용품,1
PC부품/주변기기>그래픽/사운드/영상,1
침실가구>부부테이블,1
출산/유아동>출산준비물/선물,1
출산/임부/유아용품>출산/돌기념품,1
출산/돌기념품>돌잔치용품,1
냉장/냉동식품>도시락,1
쥬얼리/시계>아동용쥬얼리,1
골프>남성 골프의류,1
골프클럽/의류/용품>골프의류-남성,1
골프클럽/의류/용품>골프의류,1
스포츠 의류>남성용 골프웨어,1
낚시>낚시가방,1
건강관리용품>코건강관리용품,1
브랜드 지갑/벨트>여성지갑,1
생활/미용가전>로봇청소기,1
주방/생활/이미용가전>로봇청소기,1
등산/아웃도어>등산화,1
카메라/주변기기>카메라스트랩/그립,1
장난감>승용완구,1
출산/임부/유아용품>임산부용품,1
스킨케어>미스트,1
바디케어>바디미스트,1
뷰티>클렌징·필링,1
이미용소품/기기>클렌징소품,1
클렌징/필링>클렌징폼,1
거실가구>의자,1
격투기/복싱>마라톤/육상 용품,1
자전거/헬스/스포츠>런닝/마라톤,1
스포츠/레저>마라톤용품,1
쥬얼리/시계/선글라스>명품쥬얼리/소품,1
브랜드 쥬얼리/시계>헤어 액세서리,1
노트북/PC>노트북보호용품,1
노트북/데스크탑>노트북보호필름,1
골프>여성 골프의류,1
가방/잡화>넥타이/손수건,1
가방/잡화>넥타이/와펜,1
패션잡화>넥타이,1
임부복/소품>관리용품,1
출산/유아용품/임부복>임산부용품/스킨케어,1
미러리스/DSLR/디카>스트랩/핸드그립,1
출산/유아용품/임부복>임산부용품,1
카메라>스트랩/그립,1
악기/취미/프라모델>망원경/현미경/쌍안경,1
여성의류>원피스·정장,1
브랜드 여성의류>티셔츠,1
여성의류>정장/커리어룩,1
브랜드 여성의류>정장/코디세트,1
휴대폰>휴대폰케이블/젠더,1
휴대폰 액세서리>휴대폰 케이블,1
주방/생활/이미용가전>토스터기,1
북마켓>종교/역학,1
모니터/프린터>정품잉크,1
모니터/프린터/잉크>리필/재생잉크,1
프린터/복합기>잉크,1
계절가전>전기히터/난로,1
냉난방/청정/제습가전>전기히터/난로,1
계절가전>전기히터,1
가구/인테리어>솜류,1
침구/커튼/카페트>베개솜/이불솜/거위털,1
주방/생활/이미용가전>재봉틀,1
침구/커튼/장식소품>베개솜/이불솜/요솜,1
음료/과자/가공식품>두유,1
축산>기타 육류,1
재활운동용품>목보호대,1
건강/의료>디스크/관절용품,1
우유/유제품>요구르트/요거트,1
음료/과자/가공식품>우유,1
커피/음료>우유/유음료,1
고양이 간식>훈제고기/소시지,1
등산/아웃도어>등산장갑,1
PC주변기기>USB허브,1
음향기기>사운드바,1
컴퓨터부품/주변기기>스피커,1
음향가전>홈시어터,1
임부복/소품>잠옷/속옷,1
유아동의류/잡화/임부복>임부복/임부 속옷,1
출산/유아용품/임부복>임부복속옷/언더웨어,1
출산/유아용품/임부복>임산부속옷/수유복,1
뷰티소품>화장품파우치,1
캠핑>파라솔,1
계절가전>탁상용/미니 선풍기,1
커피/음료>두유,1
우유/유제품>두유,1
PC주변기기>소프트웨어,1
가공식품>봉지라면,1
컴퓨터부품/주변기기>소프트웨어,1
구강/면도>치약,1
소동물용품>곤충용품,1
반려동물/애완용품>기타애완용품,1
패션의류잡화>키즈 의류(3~8세),1
채소>오이/고추/열매채소,1
쌀/과일/농수축산물>고구마/농특산물,1
신선식품>돼지고기,1
쌀/과일/농수축산물>국산 돼지고기,1
쌀/과일/농수축산물>국내산 돼지고기,1
생리대/성인기저귀>성인기저귀,1
기저귀/분유/물티슈/생리대>기저귀,1
물티슈/생리대/패드>성인용 패드,1
화장지/물티슈/생리대>성인용기저귀,1
이유용품>포크,1
출산/유아동>이유/유아식기,1
침구>유아동침구,1
출산/유아동>유아동침구,1
유아가구/침구>유아침구,1
메이크업>아이메이크업,1
컴퓨터부품/주변기기>IP카메라/CCTV,1
완구/취미>DIY,1
자동차용품/스쿠터>바닥/트렁크매트,1
주방가구>기타 주방가구,1
스포츠의류/잡화>모자/선글라스,1
여성신발>워커,1
구두/여성화/남성화>워커/부티,1
음향기기>스피커액세서리,1
남성신발>샌들,1
가전·컴퓨터>TV·냉장고·세탁기,1
대형가전>기능성냉장고,1
TV/냉장고/세탁기>기능성냉장고,1
TV/세탁기/냉장고>냉장고,1
냉장고>전용냉장고,1
주방/생활/이미용가전>가스레인지,1
주방가전>가스레인지/렌지후드,1
브랜드 남성신발>워커/부츠,1
유아동의류/신발/가방>모자/양말/잡화,1
유아동신발/가방/잡화>아동 잡화,1
자전거/보드>자전거 장갑/잡화,1
자전거>자전거 용품,1
홈/언더웨어>보정/다이어트,1
자동차용품>차량용매트,1
화장지/물티슈/생리대>생리대-기타브랜드,1
스마트기기>스마트홈캠,1
물티슈/생리대/패드>대용량/박스,1
격투기/복싱>이외 격투스포츠,1
자전거/보드>서바이벌게임용품,1
악기/취미/프라모델>서바이벌,1
취미>서바이벌,1
채소>파/마늘/양념채소,1
축산>오리고기,1
브랜드 신발>여성화,1
브랜드 여성신발>컴포트화/기능성화,1
주방가전>커피머신,1
주방/생활/이미용가전>커피머신,1
주방가전>제빙기/빙수기,1
주방가전>제빙기,1
주방/생활/이미용가전>빙과가전,1
대형가전>업소용 냉장고,1
음향가전>카세트 플레이어,1
과일>수입과일,1
쌀/과일/농수축산물>수입과일,1
생리대/성인기저귀>생리대,1
기저귀/분유/물티슈/생리대>생리대,1
PC부품/주변기기>소프트웨어,1
출산·유아동>분유·유아식품,1
기저귀/분유/유아식>유아식,1
취미>드론/헬리캠,1
키덜트/악기/취미>악기소품/부품,1
계절가전>에어컨/냉난방기,1
냉난방/청정/제습가전>이동식/창문형 에어컨,1
계절가전>이동/창문 에어컨,1
계절가전/에어컨>에어컨,1
자전거>자전거수리용품,1
생활가전>재봉틀,1
생활/미용가전>미싱/재봉틀,1
생활가전>보풀제거기/재봉틀,1
계절가전>가스난로,1
계절가전>연탄난로,1
냉난방/청정/제습가전>냉풍기,1
캠핑>텐트,1
캠핑/낚시>텐트,1
음향가전>음향기기 액세서리,1
컴퓨터 주변기기>젠더,1
PC주변기기>젠더,1
낚시>민물낚시,1
출산/유아용품/임부복>유아구강용품,1
악기>악기소품,1
생활/미용가전>청소기부품,1
출산/유아동>분유/유아식품,1
주방/생활/이미용가전>청소기용품,1
헬스>스텝퍼,1
헬스/다이어트/보충제>스텝퍼/트램펄린,1
화장품>베이스메이크업,1
화장품/미용>베이스메이크업,1
메이크업>베이스 메이크업,1
화장지>제균/기타티슈,1
출산/육아>수영복/용품,1
전동레저/인라인/킥보드>인라인용품,1
자전거/인라인/오토바이>인라인/보호장비,1
축산>달걀,1
스포츠/레저>인라인스케이트,1
자전거/헬스/스포츠>인라인스케이트,1
자전거/보드>인라인 스케이트,1
꽃/원예/팬시/선물>Gift 상품/시즌소품,1
꽃/원예/원예용품>선물용꽃,1
생활가전>청소기부품,1
디지털/가전>자동차기기,1
블랙박스/내비/자동차용품>카오디오/음향기기,1
자동차기기>카AV,1
출산/유아용품/임부복>유아칫솔/치약,1
출산/육아>구강청결용품,1
출산/임부/유아용품>구강청결용품,1
유아세제/위생용품>유아구강용품,1
카메라>필터,1
슈즈>(브랜드) 제화/캐주얼,1
이미용가전>구강세정기,1
주방/생활/이미용가전>치아건강가전,1
생활/미용가전>구강세정기,1
악기/취미/프라모델>피아노,1
이미용가전>전동칫솔/칫솔모,1
생활/욕실/수납용품>호신용품,1
생활/미용가전>전동칫솔,1
주방/생활/이미용가전>전동칫솔,1
이미용가전>전동칫솔,1
스포츠>스키·보드·빙상,1
스키/스노우보드>스노우보드 장비,1
기저귀/분유/물티슈/생리대>영유아식,1
스포츠/레저>스키/보드,1
구기/라켓/수영/스키>보드/스키용품,1
스키/보드/겨울스포츠>스키/보드잡화,1
출산/육아>간식/건강식품,1
기저귀/분유/유아식>아기간식,1
남성신발>보트슈즈,1
생활잡화>단열필름/시트,1
거실가구>기타 거실가구,1
마스크>덴탈/일회용마스크,1
캠핑/낚시>낚시 찌,1
계절가전/에어컨>보일러/온수기,1
악기>관악기,1
메이크업>립메이크업,1
화장품>립케어/블러셔,1
화장품/향수>립케어/블러셔,1
메이크업>립 메이크업,1
컴퓨터부품/주변기기>PC조립카드,1
PC주변기기>프리젠터/조이스틱,1
구두/여성화/남성화>웨지힐/가보시/통굽,1
컴퓨터부품/주변기기>타블렛/기타,1
브랜드 시계/쥬얼리>쥬얼리,1
바디케어>바디크림,1
음향기기>블루투스헤드폰,1
태블릿/MP3/이어폰>헤드폰,1
자동차용품>오토바이용품,1
자전거/인라인/오토바이>오토바이 부품,1
오토바이/스쿠터>관리용품,1
여행가방/소품>네임택,1
